path,horizon,state
0,0,0
0,1,0
0,2,0
0,3,0
0,4,0
1,0,0
1,1,0
1,2,0
1,3,0
1,4,0
2,0,0
2,1,0
2,2,0
2,3,0
2,4,0
3,0,0
3,1,0
3,2,0
3,3,0
3,4,1
4,0,0
4,1,0
4,2,1
4,3,0
4,4,0
5,0,0
5,1,1
5,2,1
5,3,0
5,4,0
6,0,0
6,1,1
6,2,1
6,3,0
6,4,0
7,0,0
7,1,0
7,2,0
7,3,0
7,4,0
8,0,0
8,1,0
8,2,0
8,3,0
8,4,0
9,0,0
9,1,0
9,2,0
9,3,1
9,4,0
10,0,0
10,1,0
10,2,0
10,3,0
10,4,1
11,0,0
11,1,0
11,2,0
11,3,0
11,4,1
12,0,0
12,1,0
12,2,1
12,3,0
12,4,1
13,0,0
13,1,0
13,2,1
13,3,0
13,4,1
14,0,0
14,1,0
14,2,0
14,3,1
14,4,0
15,0,0
15,1,0
15,2,0
15,3,1
15,4,0
16,0,0
16,1,0
16,2,0
16,3,0
16,4,0
17,0,0
17,1,0
17,2,0
17,3,0
17,4,0
18,0,0
18,1,0
18,2,0
18,3,0
18,4,0
19,0,0
19,1,0
19,2,0
19,3,0
19,4,0
20,0,0
20,1,0
20,2,1
20,3,0
20,4,0
21,0,0
21,1,0
21,2,1
21,3,0
21,4,0
22,0,0
22,1,1
22,2,1
22,3,0
22,4,0
23,0,0
23,1,0
23,2,0
23,3,1
23,4,0
24,0,0
24,1,0
24,2,0
24,3,0
24,4,0
25,0,0
25,1,0
25,2,0
25,3,0
25,4,0
26,0,0
26,1,0
26,2,0
26,3,0
26,4,0
27,0,0
27,1,0
27,2,0
27,3,0
27,4,0
28,0,0
28,1,0
28,2,0
28,3,0
28,4,0
29,0,0
29,1,1
29,2,0
29,3,0
29,4,0
30,0,0
30,1,0
30,2,0
30,3,0
30,4,0
31,0,0
31,1,0
31,2,0
31,3,0
31,4,0
32,0,0
32,1,0
32,2,0
32,3,0
32,4,0
33,0,0
33,1,0
33,2,0
33,3,0
33,4,0
34,0,0
34,1,0
34,2,1
34,3,1
34,4,0
35,0,0
35,1,0
35,2,0
35,3,0
35,4,0
36,0,0
36,1,0
36,2,0
36,3,0
36,4,0
37,0,0
37,1,0
37,2,0
37,3,0
37,4,0
38,0,0
38,1,0
38,2,0
38,3,0
38,4,0
39,0,0
39,1,0
39,2,1
39,3,0
39,4,0
40,0,0
40,1,0
40,2,0
40,3,0
40,4,0
41,0,0
41,1,0
41,2,0
41,3,0
41,4,0
42,0,0
42,1,0
42,2,0
42,3,0
42,4,0
43,0,0
43,1,0
43,2,0
43,3,0
43,4,0
44,0,0
44,1,0
44,2,0
44,3,1
44,4,0
45,0,0
45,1,0
45,2,0
45,3,1
45,4,0
46,0,0
46,1,0
46,2,0
46,3,0
46,4,0
47,0,0
47,1,1
47,2,0
47,3,0
47,4,0
48,0,0
48,1,0
48,2,0
48,3,0
48,4,0
49,0,0
49,1,0
49,2,0
49,3,0
49,4,0
50,0,0
50,1,0
50,2,0
50,3,0
50,4,0
51,0,0
51,1,1
51,2,1
51,3,1
51,4,0
52,0,0
52,1,0
52,2,0
52,3,0
52,4,1
53,0,0
53,1,0
53,2,0
53,3,0
53,4,0
54,0,0
54,1,1
54,2,1
54,3,0
54,4,0
55,0,0
55,1,1
55,2,0
55,3,0
55,4,1
56,0,0
56,1,1
56,2,0
56,3,0
56,4,1
57,0,0
57,1,0
57,2,0
57,3,1
57,4,0
58,0,0
58,1,0
58,2,0
58,3,0
58,4,1
59,0,0
59,1,0
59,2,0
59,3,0
59,4,0
60,0,0
60,1,1
60,2,0
60,3,0
60,4,0
61,0,0
61,1,0
61,2,0
61,3,0
61,4,0
62,0,0
62,1,0
62,2,0
62,3,0
62,4,0
63,0,0
63,1,0
63,2,0
63,3,0
63,4,0
64,0,0
64,1,0
64,2,0
64,3,1
64,4,0
65,0,0
65,1,0
65,2,0
65,3,0
65,4,1
66,0,0
66,1,0
66,2,0
66,3,0
66,4,0
67,0,0
67,1,0
67,2,0
67,3,0
67,4,1
68,0,0
68,1,0
68,2,0
68,3,0
68,4,0
69,0,0
69,1,0
69,2,1
69,3,0
69,4,0
70,0,0
70,1,1
70,2,0
70,3,0
70,4,0
71,0,0
71,1,0
71,2,1
71,3,0
71,4,0
72,0,0
72,1,0
72,2,0
72,3,0
72,4,0
73,0,0
73,1,0
73,2,0
73,3,0
73,4,0
74,0,0
74,1,1
74,2,0
74,3,0
74,4,0
75,0,0
75,1,0
75,2,0
75,3,0
75,4,0
76,0,0
76,1,0
76,2,0
76,3,0
76,4,0
77,0,0
77,1,0
77,2,1
77,3,0
77,4,0
78,0,0
78,1,0
78,2,0
78,3,0
78,4,0
79,0,0
79,1,0
79,2,0
79,3,0
79,4,0
80,0,0
80,1,0
80,2,0
80,3,1
80,4,0
81,0,0
81,1,0
81,2,0
81,3,0
81,4,0
82,0,0
82,1,1
82,2,0
82,3,0
82,4,0
83,0,0
83,1,1
83,2,0
83,3,0
83,4,0
84,0,0
84,1,0
84,2,0
84,3,0
84,4,0
85,0,0
85,1,0
85,2,0
85,3,1
85,4,0
86,0,0
86,1,1
86,2,0
86,3,0
86,4,0
87,0,0
87,1,0
87,2,0
87,3,0
87,4,0
88,0,0
88,1,1
88,2,0
88,3,0
88,4,0
89,0,0
89,1,0
89,2,0
89,3,0
89,4,0
90,0,0
90,1,1
90,2,0
90,3,0
90,4,0
91,0,0
91,1,0
91,2,0
91,3,0
91,4,0
92,0,0
92,1,0
92,2,0
92,3,0
92,4,0
93,0,0
93,1,0
93,2,0
93,3,0
93,4,0
94,0,0
94,1,0
94,2,0
94,3,0
94,4,1
95,0,0
95,1,0
95,2,0
95,3,0
95,4,0
96,0,0
96,1,0
96,2,0
96,3,0
96,4,0
97,0,0
97,1,0
97,2,0
97,3,0
97,4,1
98,0,0
98,1,0
98,2,1
98,3,0
98,4,0
99,0,0
99,1,1
99,2,0
99,3,0
99,4,0
100,0,0
100,1,0
100,2,0
100,3,0
100,4,0
101,0,0
101,1,1
101,2,0
101,3,0
101,4,0
102,0,0
102,1,0
102,2,0
102,3,0
102,4,0
103,0,0
103,1,1
103,2,1
103,3,0
103,4,0
104,0,0
104,1,0
104,2,0
104,3,0
104,4,0
105,0,0
105,1,1
105,2,0
105,3,0
105,4,0
106,0,0
106,1,0
106,2,0
106,3,0
106,4,0
107,0,0
107,1,0
107,2,0
107,3,0
107,4,1
108,0,0
108,1,0
108,2,0
108,3,0
108,4,1
109,0,0
109,1,0
109,2,0
109,3,0
109,4,0
110,0,0
110,1,0
110,2,0
110,3,0
110,4,0
111,0,0
111,1,0
111,2,0
111,3,1
111,4,0
112,0,0
112,1,0
112,2,1
112,3,0
112,4,1
113,0,0
113,1,0
113,2,0
113,3,0
113,4,0
114,0,0
114,1,0
114,2,1
114,3,0
114,4,0
115,0,0
115,1,0
115,2,0
115,3,1
115,4,0
116,0,0
116,1,0
116,2,0
116,3,0
116,4,1
117,0,0
117,1,0
117,2,0
117,3,0
117,4,0
118,0,0
118,1,0
118,2,0
118,3,1
118,4,0
119,0,0
119,1,0
119,2,1
119,3,0
119,4,0
120,0,0
120,1,0
120,2,0
120,3,0
120,4,0
121,0,0
121,1,0
121,2,1
121,3,0
121,4,0
122,0,0
122,1,0
122,2,0
122,3,1
122,4,1
123,0,0
123,1,0
123,2,0
123,3,0
123,4,0
124,0,0
124,1,0
124,2,0
124,3,0
124,4,0
125,0,0
125,1,0
125,2,0
125,3,1
125,4,0
126,0,0
126,1,0
126,2,1
126,3,0
126,4,0
127,0,0
127,1,0
127,2,0
127,3,1
127,4,0
128,0,0
128,1,0
128,2,0
128,3,0
128,4,0
129,0,0
129,1,0
129,2,0
129,3,0
129,4,0
130,0,0
130,1,0
130,2,0
130,3,0
130,4,0
131,0,0
131,1,0
131,2,0
131,3,1
131,4,0
132,0,0
132,1,0
132,2,0
132,3,0
132,4,0
133,0,0
133,1,0
133,2,0
133,3,0
133,4,0
134,0,0
134,1,0
134,2,0
134,3,0
134,4,0
135,0,0
135,1,0
135,2,0
135,3,0
135,4,1
136,0,0
136,1,0
136,2,0
136,3,0
136,4,0
137,0,0
137,1,0
137,2,0
137,3,0
137,4,0
138,0,0
138,1,0
138,2,0
138,3,0
138,4,0
139,0,0
139,1,0
139,2,0
139,3,0
139,4,0
140,0,0
140,1,0
140,2,0
140,3,1
140,4,0
141,0,0
141,1,0
141,2,0
141,3,0
141,4,1
142,0,0
142,1,0
142,2,0
142,3,1
142,4,0
143,0,0
143,1,0
143,2,0
143,3,1
143,4,0
144,0,0
144,1,0
144,2,0
144,3,0
144,4,0
145,0,0
145,1,0
145,2,0
145,3,0
145,4,0
146,0,0
146,1,1
146,2,0
146,3,0
146,4,0
147,0,0
147,1,0
147,2,0
147,3,1
147,4,0
148,0,0
148,1,0
148,2,0
148,3,1
148,4,0
149,0,0
149,1,0
149,2,0
149,3,0
149,4,0
150,0,0
150,1,1
150,2,0
150,3,0
150,4,0
151,0,0
151,1,0
151,2,0
151,3,0
151,4,0
152,0,0
152,1,0
152,2,0
152,3,0
152,4,0
153,0,0
153,1,0
153,2,0
153,3,0
153,4,0
154,0,0
154,1,0
154,2,0
154,3,0
154,4,0
155,0,0
155,1,1
155,2,0
155,3,0
155,4,0
156,0,0
156,1,0
156,2,0
156,3,0
156,4,0
157,0,0
157,1,0
157,2,0
157,3,1
157,4,0
158,0,0
158,1,1
158,2,0
158,3,0
158,4,1
159,0,0
159,1,0
159,2,0
159,3,0
159,4,0
160,0,0
160,1,0
160,2,0
160,3,0
160,4,1
161,0,0
161,1,0
161,2,0
161,3,0
161,4,0
162,0,0
162,1,0
162,2,1
162,3,0
162,4,1
163,0,0
163,1,1
163,2,0
163,3,0
163,4,0
164,0,0
164,1,0
164,2,0
164,3,0
164,4,0
165,0,0
165,1,0
165,2,0
165,3,0
165,4,0
166,0,0
166,1,0
166,2,1
166,3,0
166,4,0
167,0,0
167,1,0
167,2,1
167,3,0
167,4,1
168,0,0
168,1,0
168,2,0
168,3,0
168,4,0
169,0,0
169,1,0
169,2,0
169,3,1
169,4,0
170,0,0
170,1,1
170,2,0
170,3,0
170,4,0
171,0,0
171,1,0
171,2,1
171,3,0
171,4,0
172,0,0
172,1,0
172,2,0
172,3,0
172,4,0
173,0,0
173,1,0
173,2,0
173,3,0
173,4,0
174,0,0
174,1,1
174,2,0
174,3,0
174,4,0
175,0,0
175,1,0
175,2,0
175,3,0
175,4,0
176,0,0
176,1,0
176,2,0
176,3,1
176,4,0
177,0,0
177,1,0
177,2,1
177,3,0
177,4,0
178,0,0
178,1,0
178,2,0
178,3,0
178,4,0
179,0,0
179,1,0
179,2,0
179,3,0
179,4,0
180,0,0
180,1,0
180,2,0
180,3,0
180,4,0
181,0,0
181,1,0
181,2,0
181,3,0
181,4,0
182,0,0
182,1,0
182,2,0
182,3,0
182,4,0
183,0,0
183,1,0
183,2,0
183,3,0
183,4,0
184,0,0
184,1,0
184,2,0
184,3,1
184,4,0
185,0,0
185,1,0
185,2,0
185,3,0
185,4,0
186,0,0
186,1,1
186,2,0
186,3,0
186,4,1
187,0,0
187,1,0
187,2,0
187,3,0
187,4,0
188,0,0
188,1,0
188,2,0
188,3,0
188,4,0
189,0,0
189,1,0
189,2,0
189,3,0
189,4,0
190,0,0
190,1,0
190,2,0
190,3,0
190,4,0
191,0,0
191,1,0
191,2,0
191,3,0
191,4,0
192,0,0
192,1,0
192,2,0
192,3,0
192,4,0
193,0,0
193,1,1
193,2,0
193,3,0
193,4,0
194,0,0
194,1,1
194,2,0
194,3,0
194,4,0
195,0,0
195,1,1
195,2,1
195,3,0
195,4,0
196,0,0
196,1,0
196,2,0
196,3,0
196,4,0
197,0,0
197,1,0
197,2,0
197,3,0
197,4,0
198,0,0
198,1,0
198,2,1
198,3,0
198,4,0
199,0,0
199,1,0
199,2,0
199,3,0
199,4,0
200,0,0
200,1,0
200,2,1
200,3,0
200,4,0
201,0,0
201,1,0
201,2,0
201,3,0
201,4,0
202,0,0
202,1,1
202,2,1
202,3,0
202,4,0
203,0,0
203,1,0
203,2,0
203,3,0
203,4,0
204,0,0
204,1,0
204,2,0
204,3,0
204,4,0
205,0,0
205,1,0
205,2,0
205,3,1
205,4,0
206,0,0
206,1,0
206,2,0
206,3,0
206,4,0
207,0,0
207,1,0
207,2,0
207,3,0
207,4,0
208,0,0
208,1,0
208,2,1
208,3,0
208,4,0
209,0,0
209,1,0
209,2,0
209,3,0
209,4,0
210,0,0
210,1,1
210,2,0
210,3,0
210,4,0
211,0,0
211,1,0
211,2,0
211,3,0
211,4,0
212,0,0
212,1,0
212,2,0
212,3,0
212,4,0
213,0,0
213,1,0
213,2,0
213,3,0
213,4,0
214,0,0
214,1,0
214,2,0
214,3,0
214,4,0
215,0,0
215,1,1
215,2,0
215,3,0
215,4,0
216,0,0
216,1,0
216,2,0
216,3,0
216,4,1
217,0,0
217,1,0
217,2,0
217,3,0
217,4,0
218,0,0
218,1,0
218,2,0
218,3,0
218,4,0
219,0,0
219,1,0
219,2,1
219,3,0
219,4,0
220,0,0
220,1,0
220,2,0
220,3,1
220,4,0
221,0,0
221,1,0
221,2,0
221,3,0
221,4,0
222,0,0
222,1,0
222,2,0
222,3,0
222,4,0
223,0,0
223,1,0
223,2,0
223,3,0
223,4,0
224,0,0
224,1,0
224,2,0
224,3,0
224,4,0
225,0,0
225,1,0
225,2,0
225,3,0
225,4,1
226,0,0
226,1,1
226,2,0
226,3,0
226,4,0
227,0,0
227,1,0
227,2,0
227,3,0
227,4,1
228,0,0
228,1,0
228,2,0
228,3,0
228,4,0
229,0,0
229,1,0
229,2,0
229,3,0
229,4,0
230,0,0
230,1,0
230,2,0
230,3,0
230,4,0
231,0,0
231,1,0
231,2,1
231,3,0
231,4,1
232,0,0
232,1,0
232,2,0
232,3,0
232,4,0
233,0,0
233,1,0
233,2,1
233,3,0
233,4,0
234,0,0
234,1,0
234,2,0
234,3,0
234,4,0
235,0,0
235,1,1
235,2,1
235,3,0
235,4,1
236,0,0
236,1,0
236,2,0
236,3,0
236,4,0
237,0,0
237,1,0
237,2,0
237,3,0
237,4,0
238,0,0
238,1,0
238,2,0
238,3,0
238,4,0
239,0,0
239,1,0
239,2,0
239,3,0
239,4,0
240,0,0
240,1,0
240,2,0
240,3,0
240,4,0
241,0,0
241,1,0
241,2,0
241,3,0
241,4,0
242,0,0
242,1,0
242,2,0
242,3,0
242,4,0
243,0,0
243,1,0
243,2,0
243,3,0
243,4,0
244,0,0
244,1,0
244,2,0
244,3,0
244,4,0
245,0,0
245,1,0
245,2,0
245,3,0
245,4,0
246,0,0
246,1,0
246,2,0
246,3,1
246,4,0
247,0,0
247,1,0
247,2,0
247,3,0
247,4,0
248,0,0
248,1,0
248,2,0
248,3,0
248,4,0
249,0,0
249,1,0
249,2,0
249,3,0
249,4,0
250,0,0
250,1,0
250,2,0
250,3,0
250,4,0
251,0,0
251,1,0
251,2,0
251,3,0
251,4,0
252,0,0
252,1,0
252,2,0
252,3,0
252,4,0
253,0,0
253,1,0
253,2,0
253,3,0
253,4,0
254,0,0
254,1,0
254,2,0
254,3,0
254,4,1
255,0,0
255,1,0
255,2,0
255,3,0
255,4,0
256,0,0
256,1,0
256,2,0
256,3,0
256,4,0
257,0,0
257,1,0
257,2,0
257,3,0
257,4,1
258,0,0
258,1,0
258,2,0
258,3,0
258,4,0
259,0,0
259,1,0
259,2,0
259,3,0
259,4,0
260,0,0
260,1,0
260,2,0
260,3,0
260,4,0
261,0,0
261,1,0
261,2,0
261,3,0
261,4,0
262,0,0
262,1,1
262,2,0
262,3,0
262,4,0
263,0,0
263,1,0
263,2,0
263,3,0
263,4,0
264,0,0
264,1,0
264,2,0
264,3,0
264,4,0
265,0,0
265,1,0
265,2,0
265,3,0
265,4,0
266,0,0
266,1,0
266,2,1
266,3,0
266,4,0
267,0,0
267,1,0
267,2,0
267,3,0
267,4,0
268,0,0
268,1,1
268,2,0
268,3,0
268,4,0
269,0,0
269,1,0
269,2,0
269,3,0
269,4,0
270,0,0
270,1,0
270,2,0
270,3,0
270,4,0
271,0,0
271,1,0
271,2,0
271,3,0
271,4,0
272,0,0
272,1,0
272,2,1
272,3,0
272,4,0
273,0,0
273,1,0
273,2,0
273,3,1
273,4,1
274,0,0
274,1,1
274,2,1
274,3,0
274,4,0
275,0,0
275,1,0
275,2,0
275,3,0
275,4,0
276,0,0
276,1,0
276,2,0
276,3,0
276,4,1
277,0,0
277,1,0
277,2,1
277,3,0
277,4,0
278,0,0
278,1,0
278,2,0
278,3,0
278,4,0
279,0,0
279,1,0
279,2,0
279,3,0
279,4,0
280,0,0
280,1,0
280,2,0
280,3,1
280,4,1
281,0,0
281,1,0
281,2,0
281,3,0
281,4,0
282,0,0
282,1,0
282,2,0
282,3,0
282,4,0
283,0,0
283,1,0
283,2,0
283,3,0
283,4,0
284,0,0
284,1,0
284,2,0
284,3,0
284,4,1
285,0,0
285,1,0
285,2,0
285,3,1
285,4,0
286,0,0
286,1,0
286,2,0
286,3,0
286,4,0
287,0,0
287,1,0
287,2,0
287,3,0
287,4,0
288,0,0
288,1,0
288,2,1
288,3,0
288,4,1
289,0,0
289,1,0
289,2,0
289,3,0
289,4,0
290,0,0
290,1,0
290,2,1
290,3,1
290,4,1
291,0,0
291,1,0
291,2,0
291,3,0
291,4,1
292,0,0
292,1,0
292,2,0
292,3,0
292,4,0
293,0,0
293,1,1
293,2,0
293,3,0
293,4,0
294,0,0
294,1,0
294,2,0
294,3,0
294,4,0
295,0,0
295,1,0
295,2,0
295,3,1
295,4,0
296,0,0
296,1,0
296,2,0
296,3,0
296,4,0
297,0,0
297,1,0
297,2,0
297,3,0
297,4,0
298,0,0
298,1,0
298,2,0
298,3,0
298,4,0
299,0,0
299,1,0
299,2,0
299,3,0
299,4,0
300,0,0
300,1,0
300,2,0
300,3,1
300,4,0
301,0,0
301,1,0
301,2,1
301,3,0
301,4,1
302,0,0
302,1,0
302,2,0
302,3,0
302,4,0
303,0,0
303,1,0
303,2,0
303,3,0
303,4,0
304,0,0
304,1,0
304,2,0
304,3,0
304,4,0
305,0,0
305,1,0
305,2,0
305,3,0
305,4,0
306,0,0
306,1,1
306,2,0
306,3,0
306,4,0
307,0,0
307,1,0
307,2,1
307,3,0
307,4,1
308,0,0
308,1,0
308,2,0
308,3,0
308,4,0
309,0,0
309,1,1
309,2,0
309,3,0
309,4,0
310,0,0
310,1,0
310,2,0
310,3,0
310,4,0
311,0,0
311,1,0
311,2,0
311,3,1
311,4,0
312,0,0
312,1,0
312,2,0
312,3,0
312,4,0
313,0,0
313,1,0
313,2,0
313,3,0
313,4,0
314,0,0
314,1,0
314,2,0
314,3,0
314,4,0
315,0,0
315,1,0
315,2,0
315,3,1
315,4,0
316,0,0
316,1,0
316,2,1
316,3,1
316,4,0
317,0,0
317,1,0
317,2,1
317,3,1
317,4,0
318,0,0
318,1,1
318,2,0
318,3,1
318,4,0
319,0,0
319,1,0
319,2,1
319,3,0
319,4,0
320,0,0
320,1,0
320,2,0
320,3,1
320,4,0
321,0,0
321,1,0
321,2,1
321,3,0
321,4,0
322,0,0
322,1,0
322,2,0
322,3,0
322,4,0
323,0,0
323,1,0
323,2,0
323,3,0
323,4,0
324,0,0
324,1,1
324,2,0
324,3,1
324,4,0
325,0,0
325,1,0
325,2,0
325,3,0
325,4,0
326,0,0
326,1,0
326,2,0
326,3,0
326,4,0
327,0,0
327,1,0
327,2,1
327,3,0
327,4,0
328,0,0
328,1,1
328,2,0
328,3,0
328,4,0
329,0,0
329,1,0
329,2,0
329,3,1
329,4,0
330,0,0
330,1,0
330,2,0
330,3,0
330,4,0
331,0,0
331,1,0
331,2,0
331,3,0
331,4,0
332,0,0
332,1,0
332,2,0
332,3,1
332,4,0
333,0,0
333,1,0
333,2,0
333,3,0
333,4,0
334,0,0
334,1,0
334,2,0
334,3,0
334,4,1
335,0,0
335,1,0
335,2,1
335,3,0
335,4,0
336,0,0
336,1,0
336,2,0
336,3,0
336,4,0
337,0,0
337,1,1
337,2,1
337,3,0
337,4,0
338,0,0
338,1,0
338,2,0
338,3,0
338,4,0
339,0,0
339,1,0
339,2,0
339,3,0
339,4,0
340,0,0
340,1,0
340,2,1
340,3,0
340,4,0
341,0,0
341,1,0
341,2,0
341,3,0
341,4,0
342,0,0
342,1,1
342,2,0
342,3,0
342,4,0
343,0,0
343,1,0
343,2,0
343,3,0
343,4,0
344,0,0
344,1,0
344,2,0
344,3,0
344,4,1
345,0,0
345,1,0
345,2,0
345,3,0
345,4,1
346,0,0
346,1,0
346,2,0
346,3,0
346,4,0
347,0,0
347,1,0
347,2,0
347,3,0
347,4,0
348,0,0
348,1,0
348,2,0
348,3,0
348,4,0
349,0,0
349,1,0
349,2,0
349,3,0
349,4,0
350,0,0
350,1,0
350,2,0
350,3,0
350,4,0
351,0,0
351,1,1
351,2,0
351,3,0
351,4,0
352,0,0
352,1,0
352,2,0
352,3,0
352,4,0
353,0,0
353,1,0
353,2,0
353,3,0
353,4,0
354,0,0
354,1,0
354,2,0
354,3,1
354,4,0
355,0,0
355,1,0
355,2,0
355,3,0
355,4,0
356,0,0
356,1,0
356,2,0
356,3,0
356,4,0
357,0,0
357,1,1
357,2,0
357,3,0
357,4,0
358,0,0
358,1,0
358,2,0
358,3,0
358,4,0
359,0,0
359,1,0
359,2,0
359,3,0
359,4,0
360,0,0
360,1,0
360,2,0
360,3,0
360,4,0
361,0,0
361,1,0
361,2,0
361,3,0
361,4,0
362,0,0
362,1,0
362,2,0
362,3,0
362,4,0
363,0,0
363,1,0
363,2,0
363,3,0
363,4,1
364,0,0
364,1,1
364,2,0
364,3,1
364,4,1
365,0,0
365,1,0
365,2,0
365,3,0
365,4,0
366,0,0
366,1,0
366,2,0
366,3,1
366,4,0
367,0,0
367,1,0
367,2,0
367,3,0
367,4,0
368,0,0
368,1,0
368,2,0
368,3,1
368,4,0
369,0,0
369,1,0
369,2,0
369,3,0
369,4,0
370,0,0
370,1,0
370,2,0
370,3,0
370,4,0
371,0,0
371,1,1
371,2,0
371,3,0
371,4,0
372,0,0
372,1,0
372,2,0
372,3,1
372,4,0
373,0,0
373,1,0
373,2,0
373,3,1
373,4,0
374,0,0
374,1,0
374,2,0
374,3,0
374,4,0
375,0,0
375,1,0
375,2,0
375,3,0
375,4,0
376,0,0
376,1,0
376,2,0
376,3,1
376,4,0
377,0,0
377,1,0
377,2,0
377,3,0
377,4,0
378,0,0
378,1,1
378,2,0
378,3,0
378,4,0
379,0,0
379,1,0
379,2,0
379,3,0
379,4,0
380,0,0
380,1,0
380,2,0
380,3,1
380,4,0
381,0,0
381,1,0
381,2,0
381,3,0
381,4,0
382,0,0
382,1,0
382,2,0
382,3,0
382,4,1
383,0,0
383,1,0
383,2,0
383,3,0
383,4,0
384,0,0
384,1,0
384,2,0
384,3,0
384,4,1
385,0,0
385,1,0
385,2,0
385,3,0
385,4,0
386,0,0
386,1,0
386,2,0
386,3,1
386,4,0
387,0,0
387,1,0
387,2,0
387,3,0
387,4,0
388,0,0
388,1,0
388,2,0
388,3,0
388,4,0
389,0,0
389,1,0
389,2,0
389,3,0
389,4,0
390,0,0
390,1,0
390,2,0
390,3,0
390,4,0
391,0,0
391,1,0
391,2,0
391,3,0
391,4,0
392,0,0
392,1,0
392,2,0
392,3,0
392,4,1
393,0,0
393,1,0
393,2,0
393,3,1
393,4,0
394,0,0
394,1,0
394,2,1
394,3,0
394,4,0
395,0,0
395,1,0
395,2,0
395,3,0
395,4,1
396,0,0
396,1,0
396,2,1
396,3,0
396,4,0
397,0,0
397,1,0
397,2,0
397,3,0
397,4,0
398,0,0
398,1,0
398,2,0
398,3,0
398,4,0
399,0,0
399,1,0
399,2,0
399,3,0
399,4,0
400,0,0
400,1,0
400,2,0
400,3,0
400,4,0
401,0,0
401,1,1
401,2,0
401,3,0
401,4,0
402,0,0
402,1,0
402,2,0
402,3,0
402,4,0
403,0,0
403,1,0
403,2,0
403,3,1
403,4,0
404,0,0
404,1,1
404,2,0
404,3,0
404,4,0
405,0,0
405,1,0
405,2,0
405,3,0
405,4,0
406,0,0
406,1,1
406,2,0
406,3,0
406,4,0
407,0,0
407,1,0
407,2,0
407,3,0
407,4,0
408,0,0
408,1,0
408,2,0
408,3,1
408,4,0
409,0,0
409,1,0
409,2,0
409,3,0
409,4,0
410,0,0
410,1,0
410,2,0
410,3,0
410,4,0
411,0,0
411,1,0
411,2,0
411,3,0
411,4,0
412,0,0
412,1,0
412,2,0
412,3,0
412,4,0
413,0,0
413,1,1
413,2,0
413,3,0
413,4,0
414,0,0
414,1,0
414,2,0
414,3,0
414,4,0
415,0,0
415,1,0
415,2,0
415,3,0
415,4,0
416,0,0
416,1,0
416,2,0
416,3,0
416,4,0
417,0,0
417,1,0
417,2,0
417,3,0
417,4,0
418,0,0
418,1,0
418,2,0
418,3,1
418,4,0
419,0,0
419,1,1
419,2,1
419,3,0
419,4,1
420,0,0
420,1,0
420,2,0
420,3,0
420,4,0
421,0,0
421,1,0
421,2,0
421,3,0
421,4,0
422,0,0
422,1,0
422,2,0
422,3,1
422,4,0
423,0,0
423,1,0
423,2,0
423,3,0
423,4,1
424,0,0
424,1,0
424,2,0
424,3,0
424,4,0
425,0,0
425,1,0
425,2,0
425,3,0
425,4,0
426,0,0
426,1,1
426,2,0
426,3,1
426,4,0
427,0,0
427,1,0
427,2,0
427,3,0
427,4,0
428,0,0
428,1,0
428,2,0
428,3,0
428,4,0
429,0,0
429,1,0
429,2,0
429,3,0
429,4,0
430,0,0
430,1,0
430,2,0
430,3,0
430,4,0
431,0,0
431,1,1
431,2,0
431,3,0
431,4,0
432,0,0
432,1,0
432,2,0
432,3,0
432,4,0
433,0,0
433,1,0
433,2,0
433,3,0
433,4,0
434,0,0
434,1,0
434,2,0
434,3,0
434,4,1
435,0,0
435,1,1
435,2,0
435,3,0
435,4,1
436,0,0
436,1,0
436,2,0
436,3,0
436,4,0
437,0,0
437,1,0
437,2,0
437,3,0
437,4,0
438,0,0
438,1,0
438,2,0
438,3,0
438,4,0
439,0,0
439,1,0
439,2,0
439,3,0
439,4,0
440,0,0
440,1,0
440,2,0
440,3,0
440,4,0
441,0,0
441,1,0
441,2,0
441,3,0
441,4,0
442,0,0
442,1,0
442,2,0
442,3,0
442,4,0
443,0,0
443,1,0
443,2,0
443,3,0
443,4,0
444,0,0
444,1,1
444,2,0
444,3,0
444,4,0
445,0,0
445,1,0
445,2,0
445,3,1
445,4,0
446,0,0
446,1,0
446,2,0
446,3,0
446,4,0
447,0,0
447,1,0
447,2,1
447,3,0
447,4,0
448,0,0
448,1,0
448,2,1
448,3,1
448,4,1
449,0,0
449,1,0
449,2,0
449,3,0
449,4,0
450,0,0
450,1,0
450,2,0
450,3,0
450,4,0
451,0,0
451,1,0
451,2,0
451,3,0
451,4,0
452,0,0
452,1,0
452,2,0
452,3,1
452,4,0
453,0,0
453,1,1
453,2,0
453,3,0
453,4,0
454,0,0
454,1,0
454,2,0
454,3,0
454,4,0
455,0,0
455,1,0
455,2,0
455,3,1
455,4,0
456,0,0
456,1,1
456,2,1
456,3,0
456,4,0
457,0,0
457,1,0
457,2,0
457,3,0
457,4,0
458,0,0
458,1,0
458,2,0
458,3,0
458,4,0
459,0,0
459,1,0
459,2,0
459,3,0
459,4,0
460,0,0
460,1,0
460,2,0
460,3,1
460,4,0
461,0,0
461,1,0
461,2,0
461,3,0
461,4,0
462,0,0
462,1,0
462,2,1
462,3,0
462,4,0
463,0,0
463,1,1
463,2,0
463,3,0
463,4,0
464,0,0
464,1,0
464,2,1
464,3,0
464,4,0
465,0,0
465,1,0
465,2,1
465,3,0
465,4,0
466,0,0
466,1,0
466,2,0
466,3,0
466,4,0
467,0,0
467,1,0
467,2,0
467,3,0
467,4,0
468,0,0
468,1,0
468,2,0
468,3,0
468,4,0
469,0,0
469,1,1
469,2,0
469,3,0
469,4,0
470,0,0
470,1,1
470,2,1
470,3,0
470,4,0
471,0,0
471,1,0
471,2,0
471,3,0
471,4,0
472,0,0
472,1,0
472,2,0
472,3,0
472,4,1
473,0,0
473,1,0
473,2,0
473,3,0
473,4,0
474,0,0
474,1,0
474,2,1
474,3,0
474,4,0
475,0,0
475,1,0
475,2,0
475,3,0
475,4,0
476,0,0
476,1,1
476,2,1
476,3,0
476,4,1
477,0,0
477,1,0
477,2,0
477,3,0
477,4,0
478,0,0
478,1,0
478,2,0
478,3,0
478,4,1
479,0,0
479,1,0
479,2,0
479,3,0
479,4,0
480,0,0
480,1,0
480,2,0
480,3,0
480,4,0
481,0,0
481,1,0
481,2,0
481,3,0
481,4,0
482,0,0
482,1,0
482,2,1
482,3,0
482,4,0
483,0,0
483,1,0
483,2,0
483,3,0
483,4,0
484,0,0
484,1,0
484,2,0
484,3,0
484,4,0
485,0,0
485,1,0
485,2,0
485,3,0
485,4,0
486,0,0
486,1,0
486,2,0
486,3,0
486,4,1
487,0,0
487,1,0
487,2,0
487,3,0
487,4,0
488,0,0
488,1,0
488,2,0
488,3,0
488,4,0
489,0,0
489,1,0
489,2,0
489,3,0
489,4,0
490,0,0
490,1,0
490,2,0
490,3,0
490,4,0
491,0,0
491,1,0
491,2,0
491,3,0
491,4,0
492,0,0
492,1,0
492,2,0
492,3,0
492,4,1
493,0,0
493,1,0
493,2,0
493,3,0
493,4,0
494,0,0
494,1,0
494,2,1
494,3,0
494,4,0
495,0,0
495,1,0
495,2,0
495,3,0
495,4,0
496,0,0
496,1,1
496,2,0
496,3,0
496,4,1
497,0,0
497,1,0
497,2,0
497,3,0
497,4,0
498,0,0
498,1,0
498,2,1
498,3,0
498,4,1
499,0,0
499,1,0
499,2,0
499,3,0
499,4,0
500,0,0
500,1,0
500,2,0
500,3,0
500,4,1
501,0,0
501,1,0
501,2,0
501,3,1
501,4,0
502,0,0
502,1,0
502,2,1
502,3,0
502,4,0
503,0,0
503,1,0
503,2,0
503,3,0
503,4,0
504,0,0
504,1,0
504,2,0
504,3,0
504,4,0
505,0,0
505,1,0
505,2,0
505,3,0
505,4,0
506,0,0
506,1,0
506,2,0
506,3,0
506,4,0
507,0,0
507,1,0
507,2,0
507,3,0
507,4,1
508,0,0
508,1,0
508,2,1
508,3,1
508,4,0
509,0,0
509,1,0
509,2,0
509,3,0
509,4,0
510,0,0
510,1,0
510,2,0
510,3,1
510,4,0
511,0,0
511,1,0
511,2,0
511,3,0
511,4,0
512,0,0
512,1,0
512,2,0
512,3,0
512,4,0
513,0,0
513,1,0
513,2,0
513,3,1
513,4,0
514,0,0
514,1,0
514,2,0
514,3,1
514,4,0
515,0,0
515,1,1
515,2,0
515,3,0
515,4,0
516,0,0
516,1,0
516,2,1
516,3,0
516,4,0
517,0,0
517,1,0
517,2,0
517,3,0
517,4,0
518,0,0
518,1,0
518,2,0
518,3,0
518,4,1
519,0,0
519,1,0
519,2,0
519,3,1
519,4,0
520,0,0
520,1,0
520,2,0
520,3,0
520,4,0
521,0,0
521,1,0
521,2,1
521,3,0
521,4,0
522,0,0
522,1,0
522,2,0
522,3,0
522,4,0
523,0,0
523,1,0
523,2,1
523,3,0
523,4,0
524,0,0
524,1,0
524,2,0
524,3,0
524,4,0
525,0,0
525,1,0
525,2,1
525,3,0
525,4,0
526,0,0
526,1,0
526,2,0
526,3,0
526,4,0
527,0,0
527,1,1
527,2,0
527,3,0
527,4,0
528,0,0
528,1,0
528,2,0
528,3,0
528,4,0
529,0,0
529,1,0
529,2,0
529,3,1
529,4,0
530,0,0
530,1,0
530,2,0
530,3,0
530,4,0
531,0,0
531,1,0
531,2,0
531,3,0
531,4,0
532,0,0
532,1,1
532,2,1
532,3,0
532,4,0
533,0,0
533,1,0
533,2,0
533,3,0
533,4,0
534,0,0
534,1,0
534,2,0
534,3,1
534,4,0
535,0,0
535,1,0
535,2,0
535,3,0
535,4,0
536,0,0
536,1,1
536,2,0
536,3,0
536,4,0
537,0,0
537,1,0
537,2,0
537,3,0
537,4,0
538,0,0
538,1,0
538,2,0
538,3,0
538,4,1
539,0,0
539,1,0
539,2,0
539,3,0
539,4,0
540,0,0
540,1,1
540,2,0
540,3,0
540,4,0
541,0,0
541,1,0
541,2,0
541,3,0
541,4,0
542,0,0
542,1,0
542,2,0
542,3,0
542,4,0
543,0,0
543,1,0
543,2,0
543,3,0
543,4,0
544,0,0
544,1,0
544,2,0
544,3,0
544,4,0
545,0,0
545,1,0
545,2,0
545,3,1
545,4,0
546,0,0
546,1,0
546,2,0
546,3,0
546,4,0
547,0,0
547,1,0
547,2,0
547,3,0
547,4,0
548,0,0
548,1,0
548,2,1
548,3,0
548,4,0
549,0,0
549,1,0
549,2,0
549,3,0
549,4,0
550,0,0
550,1,1
550,2,0
550,3,0
550,4,0
551,0,0
551,1,0
551,2,0
551,3,1
551,4,0
552,0,0
552,1,1
552,2,0
552,3,0
552,4,0
553,0,0
553,1,0
553,2,0
553,3,0
553,4,1
554,0,0
554,1,0
554,2,0
554,3,0
554,4,0
555,0,0
555,1,0
555,2,0
555,3,0
555,4,0
556,0,0
556,1,0
556,2,0
556,3,0
556,4,0
557,0,0
557,1,0
557,2,0
557,3,1
557,4,0
558,0,0
558,1,0
558,2,0
558,3,0
558,4,0
559,0,0
559,1,0
559,2,0
559,3,0
559,4,0
560,0,0
560,1,1
560,2,0
560,3,0
560,4,0
561,0,0
561,1,0
561,2,0
561,3,1
561,4,0
562,0,0
562,1,0
562,2,0
562,3,0
562,4,0
563,0,0
563,1,1
563,2,0
563,3,0
563,4,0
564,0,0
564,1,0
564,2,0
564,3,0
564,4,1
565,0,0
565,1,0
565,2,1
565,3,0
565,4,0
566,0,0
566,1,0
566,2,0
566,3,0
566,4,1
567,0,0
567,1,0
567,2,0
567,3,1
567,4,0
568,0,0
568,1,0
568,2,0
568,3,0
568,4,0
569,0,0
569,1,0
569,2,0
569,3,0
569,4,0
570,0,0
570,1,0
570,2,0
570,3,0
570,4,1
571,0,0
571,1,0
571,2,1
571,3,0
571,4,0
572,0,0
572,1,0
572,2,0
572,3,0
572,4,1
573,0,0
573,1,1
573,2,0
573,3,0
573,4,0
574,0,0
574,1,0
574,2,0
574,3,0
574,4,0
575,0,0
575,1,0
575,2,0
575,3,0
575,4,0
576,0,0
576,1,0
576,2,0
576,3,0
576,4,0
577,0,0
577,1,0
577,2,0
577,3,1
577,4,0
578,0,0
578,1,0
578,2,0
578,3,0
578,4,0
579,0,0
579,1,0
579,2,0
579,3,0
579,4,0
580,0,0
580,1,0
580,2,0
580,3,0
580,4,0
581,0,0
581,1,0
581,2,0
581,3,0
581,4,0
582,0,0
582,1,0
582,2,0
582,3,0
582,4,0
583,0,0
583,1,0
583,2,0
583,3,0
583,4,0
584,0,0
584,1,0
584,2,0
584,3,0
584,4,0
585,0,0
585,1,0
585,2,0
585,3,0
585,4,0
586,0,0
586,1,0
586,2,0
586,3,0
586,4,0
587,0,0
587,1,0
587,2,0
587,3,0
587,4,0
588,0,0
588,1,0
588,2,0
588,3,0
588,4,0
589,0,0
589,1,0
589,2,1
589,3,0
589,4,0
590,0,0
590,1,0
590,2,0
590,3,0
590,4,0
591,0,0
591,1,0
591,2,0
591,3,0
591,4,1
592,0,0
592,1,0
592,2,1
592,3,0
592,4,0
593,0,0
593,1,0
593,2,0
593,3,0
593,4,0
594,0,0
594,1,0
594,2,0
594,3,0
594,4,0
595,0,0
595,1,0
595,2,1
595,3,0
595,4,0
596,0,0
596,1,1
596,2,1
596,3,0
596,4,0
597,0,0
597,1,0
597,2,0
597,3,0
597,4,1
598,0,0
598,1,0
598,2,0
598,3,0
598,4,0
599,0,0
599,1,0
599,2,0
599,3,0
599,4,0
600,0,0
600,1,0
600,2,0
600,3,0
600,4,1
601,0,0
601,1,0
601,2,1
601,3,1
601,4,0
602,0,0
602,1,0
602,2,1
602,3,0
602,4,0
603,0,0
603,1,1
603,2,0
603,3,0
603,4,0
604,0,0
604,1,0
604,2,0
604,3,0
604,4,0
605,0,0
605,1,0
605,2,0
605,3,0
605,4,0
606,0,0
606,1,0
606,2,0
606,3,0
606,4,0
607,0,0
607,1,0
607,2,1
607,3,1
607,4,0
608,0,0
608,1,0
608,2,1
608,3,0
608,4,0
609,0,0
609,1,0
609,2,0
609,3,0
609,4,0
610,0,0
610,1,0
610,2,0
610,3,0
610,4,0
611,0,0
611,1,0
611,2,0
611,3,0
611,4,0
612,0,0
612,1,0
612,2,0
612,3,0
612,4,0
613,0,0
613,1,0
613,2,0
613,3,1
613,4,0
614,0,0
614,1,1
614,2,0
614,3,0
614,4,0
615,0,0
615,1,0
615,2,0
615,3,0
615,4,0
616,0,0
616,1,0
616,2,0
616,3,1
616,4,1
617,0,0
617,1,0
617,2,0
617,3,1
617,4,0
618,0,0
618,1,0
618,2,0
618,3,0
618,4,0
619,0,0
619,1,0
619,2,0
619,3,0
619,4,0
620,0,0
620,1,0
620,2,0
620,3,0
620,4,0
621,0,0
621,1,0
621,2,0
621,3,1
621,4,1
622,0,0
622,1,0
622,2,0
622,3,0
622,4,0
623,0,0
623,1,0
623,2,1
623,3,0
623,4,0
624,0,0
624,1,0
624,2,0
624,3,1
624,4,0
625,0,0
625,1,0
625,2,0
625,3,0
625,4,0
626,0,0
626,1,1
626,2,0
626,3,0
626,4,0
627,0,0
627,1,0
627,2,0
627,3,0
627,4,0
628,0,0
628,1,0
628,2,0
628,3,0
628,4,0
629,0,0
629,1,0
629,2,0
629,3,0
629,4,0
630,0,0
630,1,0
630,2,0
630,3,0
630,4,0
631,0,0
631,1,0
631,2,0
631,3,0
631,4,0
632,0,0
632,1,0
632,2,0
632,3,0
632,4,1
633,0,0
633,1,0
633,2,0
633,3,0
633,4,0
634,0,0
634,1,0
634,2,0
634,3,0
634,4,0
635,0,0
635,1,1
635,2,0
635,3,0
635,4,0
636,0,0
636,1,1
636,2,1
636,3,0
636,4,0
637,0,0
637,1,1
637,2,0
637,3,0
637,4,0
638,0,0
638,1,0
638,2,0
638,3,0
638,4,0
639,0,0
639,1,1
639,2,0
639,3,0
639,4,1
640,0,0
640,1,0
640,2,0
640,3,1
640,4,0
641,0,0
641,1,0
641,2,0
641,3,0
641,4,1
642,0,0
642,1,0
642,2,1
642,3,0
642,4,0
643,0,0
643,1,1
643,2,0
643,3,0
643,4,0
644,0,0
644,1,0
644,2,1
644,3,0
644,4,0
645,0,0
645,1,0
645,2,0
645,3,1
645,4,0
646,0,0
646,1,0
646,2,0
646,3,0
646,4,0
647,0,0
647,1,0
647,2,0
647,3,0
647,4,0
648,0,0
648,1,0
648,2,0
648,3,0
648,4,0
649,0,0
649,1,0
649,2,0
649,3,0
649,4,0
650,0,0
650,1,0
650,2,0
650,3,1
650,4,0
651,0,0
651,1,0
651,2,1
651,3,0
651,4,0
652,0,0
652,1,0
652,2,0
652,3,0
652,4,0
653,0,0
653,1,0
653,2,0
653,3,0
653,4,0
654,0,0
654,1,0
654,2,0
654,3,0
654,4,0
655,0,0
655,1,0
655,2,0
655,3,0
655,4,0
656,0,0
656,1,0
656,2,0
656,3,0
656,4,1
657,0,0
657,1,0
657,2,0
657,3,0
657,4,0
658,0,0
658,1,0
658,2,1
658,3,0
658,4,0
659,0,0
659,1,0
659,2,0
659,3,0
659,4,0
660,0,0
660,1,0
660,2,0
660,3,0
660,4,0
661,0,0
661,1,0
661,2,0
661,3,0
661,4,0
662,0,0
662,1,0
662,2,0
662,3,0
662,4,0
663,0,0
663,1,0
663,2,0
663,3,0
663,4,0
664,0,0
664,1,1
664,2,0
664,3,1
664,4,0
665,0,0
665,1,0
665,2,1
665,3,0
665,4,0
666,0,0
666,1,0
666,2,0
666,3,0
666,4,0
667,0,0
667,1,0
667,2,0
667,3,0
667,4,1
668,0,0
668,1,0
668,2,1
668,3,0
668,4,0
669,0,0
669,1,0
669,2,0
669,3,0
669,4,1
670,0,0
670,1,0
670,2,0
670,3,0
670,4,0
671,0,0
671,1,0
671,2,0
671,3,0
671,4,1
672,0,0
672,1,0
672,2,0
672,3,0
672,4,0
673,0,0
673,1,0
673,2,0
673,3,0
673,4,1
674,0,0
674,1,0
674,2,0
674,3,0
674,4,1
675,0,0
675,1,0
675,2,0
675,3,0
675,4,0
676,0,0
676,1,0
676,2,0
676,3,0
676,4,0
677,0,0
677,1,0
677,2,0
677,3,0
677,4,0
678,0,0
678,1,0
678,2,0
678,3,0
678,4,0
679,0,0
679,1,0
679,2,1
679,3,0
679,4,0
680,0,0
680,1,0
680,2,0
680,3,0
680,4,0
681,0,0
681,1,0
681,2,1
681,3,0
681,4,0
682,0,0
682,1,0
682,2,0
682,3,0
682,4,0
683,0,0
683,1,0
683,2,0
683,3,0
683,4,0
684,0,0
684,1,0
684,2,0
684,3,0
684,4,1
685,0,0
685,1,0
685,2,0
685,3,0
685,4,0
686,0,0
686,1,0
686,2,0
686,3,1
686,4,0
687,0,0
687,1,0
687,2,0
687,3,0
687,4,1
688,0,0
688,1,0
688,2,0
688,3,0
688,4,0
689,0,0
689,1,0
689,2,0
689,3,1
689,4,0
690,0,0
690,1,0
690,2,0
690,3,1
690,4,0
691,0,0
691,1,0
691,2,0
691,3,0
691,4,1
692,0,0
692,1,0
692,2,0
692,3,0
692,4,0
693,0,0
693,1,0
693,2,1
693,3,0
693,4,0
694,0,0
694,1,0
694,2,0
694,3,0
694,4,0
695,0,0
695,1,0
695,2,0
695,3,0
695,4,0
696,0,0
696,1,0
696,2,0
696,3,0
696,4,0
697,0,0
697,1,0
697,2,0
697,3,0
697,4,1
698,0,0
698,1,0
698,2,0
698,3,0
698,4,0
699,0,0
699,1,0
699,2,0
699,3,0
699,4,0
700,0,0
700,1,1
700,2,0
700,3,0
700,4,0
701,0,0
701,1,0
701,2,0
701,3,0
701,4,0
702,0,0
702,1,0
702,2,0
702,3,0
702,4,0
703,0,0
703,1,0
703,2,0
703,3,0
703,4,0
704,0,0
704,1,1
704,2,0
704,3,0
704,4,0
705,0,0
705,1,0
705,2,0
705,3,0
705,4,0
706,0,0
706,1,0
706,2,0
706,3,0
706,4,0
707,0,0
707,1,0
707,2,1
707,3,0
707,4,0
708,0,0
708,1,0
708,2,0
708,3,0
708,4,1
709,0,0
709,1,0
709,2,0
709,3,0
709,4,0
710,0,0
710,1,0
710,2,0
710,3,0
710,4,0
711,0,0
711,1,0
711,2,0
711,3,0
711,4,0
712,0,0
712,1,0
712,2,0
712,3,0
712,4,0
713,0,0
713,1,0
713,2,0
713,3,0
713,4,0
714,0,0
714,1,0
714,2,0
714,3,0
714,4,0
715,0,0
715,1,0
715,2,0
715,3,1
715,4,0
716,0,0
716,1,0
716,2,0
716,3,0
716,4,0
717,0,0
717,1,0
717,2,0
717,3,0
717,4,0
718,0,0
718,1,0
718,2,0
718,3,1
718,4,0
719,0,0
719,1,0
719,2,0
719,3,1
719,4,0
720,0,0
720,1,0
720,2,0
720,3,0
720,4,0
721,0,0
721,1,1
721,2,0
721,3,0
721,4,0
722,0,0
722,1,0
722,2,1
722,3,1
722,4,0
723,0,0
723,1,0
723,2,0
723,3,0
723,4,1
724,0,0
724,1,0
724,2,0
724,3,1
724,4,0
725,0,0
725,1,0
725,2,0
725,3,0
725,4,0
726,0,0
726,1,1
726,2,0
726,3,1
726,4,0
727,0,0
727,1,0
727,2,0
727,3,0
727,4,1
728,0,0
728,1,0
728,2,0
728,3,0
728,4,0
729,0,0
729,1,0
729,2,0
729,3,0
729,4,0
730,0,0
730,1,0
730,2,0
730,3,0
730,4,0
731,0,0
731,1,0
731,2,0
731,3,0
731,4,0
732,0,0
732,1,1
732,2,0
732,3,0
732,4,1
733,0,0
733,1,0
733,2,0
733,3,0
733,4,0
734,0,0
734,1,0
734,2,0
734,3,0
734,4,0
735,0,0
735,1,0
735,2,0
735,3,0
735,4,1
736,0,0
736,1,0
736,2,0
736,3,0
736,4,0
737,0,0
737,1,0
737,2,0
737,3,0
737,4,0
738,0,0
738,1,0
738,2,0
738,3,1
738,4,0
739,0,0
739,1,0
739,2,0
739,3,0
739,4,0
740,0,0
740,1,0
740,2,1
740,3,0
740,4,0
741,0,0
741,1,0
741,2,0
741,3,0
741,4,0
742,0,0
742,1,0
742,2,0
742,3,1
742,4,0
743,0,0
743,1,0
743,2,0
743,3,1
743,4,0
744,0,0
744,1,0
744,2,0
744,3,0
744,4,0
745,0,0
745,1,0
745,2,0
745,3,0
745,4,1
746,0,0
746,1,1
746,2,0
746,3,0
746,4,0
747,0,0
747,1,0
747,2,0
747,3,0
747,4,0
748,0,0
748,1,0
748,2,0
748,3,0
748,4,1
749,0,0
749,1,0
749,2,0
749,3,0
749,4,0
750,0,0
750,1,0
750,2,0
750,3,0
750,4,0
751,0,0
751,1,0
751,2,1
751,3,0
751,4,0
752,0,0
752,1,0
752,2,0
752,3,1
752,4,1
753,0,0
753,1,0
753,2,0
753,3,0
753,4,0
754,0,0
754,1,0
754,2,0
754,3,0
754,4,0
755,0,0
755,1,0
755,2,0
755,3,0
755,4,0
756,0,0
756,1,0
756,2,0
756,3,0
756,4,0
757,0,0
757,1,0
757,2,0
757,3,0
757,4,0
758,0,0
758,1,0
758,2,0
758,3,0
758,4,0
759,0,0
759,1,0
759,2,0
759,3,1
759,4,0
760,0,0
760,1,0
760,2,0
760,3,1
760,4,0
761,0,0
761,1,0
761,2,0
761,3,0
761,4,0
762,0,0
762,1,0
762,2,0
762,3,0
762,4,0
763,0,0
763,1,0
763,2,0
763,3,1
763,4,0
764,0,0
764,1,0
764,2,0
764,3,1
764,4,0
765,0,0
765,1,0
765,2,0
765,3,0
765,4,0
766,0,0
766,1,0
766,2,1
766,3,0
766,4,0
767,0,0
767,1,0
767,2,0
767,3,0
767,4,0
768,0,0
768,1,0
768,2,0
768,3,0
768,4,0
769,0,0
769,1,1
769,2,0
769,3,0
769,4,1
770,0,0
770,1,0
770,2,0
770,3,0
770,4,1
771,0,0
771,1,0
771,2,0
771,3,0
771,4,0
772,0,0
772,1,1
772,2,0
772,3,0
772,4,0
773,0,0
773,1,0
773,2,1
773,3,0
773,4,0
774,0,0
774,1,0
774,2,0
774,3,0
774,4,0
775,0,0
775,1,0
775,2,0
775,3,0
775,4,0
776,0,0
776,1,1
776,2,0
776,3,0
776,4,0
777,0,0
777,1,1
777,2,1
777,3,0
777,4,0
778,0,0
778,1,0
778,2,0
778,3,1
778,4,0
779,0,0
779,1,0
779,2,0
779,3,0
779,4,0
780,0,0
780,1,0
780,2,0
780,3,0
780,4,0
781,0,0
781,1,0
781,2,0
781,3,0
781,4,1
782,0,0
782,1,0
782,2,0
782,3,0
782,4,0
783,0,0
783,1,0
783,2,0
783,3,0
783,4,0
784,0,0
784,1,0
784,2,0
784,3,0
784,4,1
785,0,0
785,1,0
785,2,0
785,3,0
785,4,1
786,0,0
786,1,0
786,2,1
786,3,0
786,4,0
787,0,0
787,1,0
787,2,0
787,3,0
787,4,0
788,0,0
788,1,0
788,2,0
788,3,1
788,4,0
789,0,0
789,1,0
789,2,0
789,3,1
789,4,0
790,0,0
790,1,0
790,2,0
790,3,0
790,4,0
791,0,0
791,1,0
791,2,0
791,3,0
791,4,1
792,0,0
792,1,0
792,2,0
792,3,0
792,4,0
793,0,0
793,1,1
793,2,0
793,3,0
793,4,0
794,0,0
794,1,0
794,2,0
794,3,1
794,4,0
795,0,0
795,1,0
795,2,0
795,3,0
795,4,0
796,0,0
796,1,0
796,2,0
796,3,1
796,4,0
797,0,0
797,1,0
797,2,0
797,3,0
797,4,0
798,0,0
798,1,0
798,2,0
798,3,0
798,4,0
799,0,0
799,1,0
799,2,0
799,3,0
799,4,0
800,0,0
800,1,0
800,2,1
800,3,0
800,4,0
801,0,0
801,1,0
801,2,1
801,3,0
801,4,0
802,0,0
802,1,0
802,2,0
802,3,0
802,4,0
803,0,0
803,1,0
803,2,0
803,3,0
803,4,0
804,0,0
804,1,0
804,2,0
804,3,0
804,4,0
805,0,0
805,1,0
805,2,0
805,3,0
805,4,0
806,0,0
806,1,0
806,2,0
806,3,0
806,4,0
807,0,0
807,1,0
807,2,0
807,3,0
807,4,1
808,0,0
808,1,0
808,2,0
808,3,0
808,4,1
809,0,0
809,1,1
809,2,0
809,3,1
809,4,1
810,0,0
810,1,0
810,2,0
810,3,0
810,4,0
811,0,0
811,1,0
811,2,1
811,3,0
811,4,0
812,0,0
812,1,0
812,2,0
812,3,0
812,4,0
813,0,0
813,1,0
813,2,0
813,3,0
813,4,0
814,0,0
814,1,1
814,2,0
814,3,0
814,4,0
815,0,0
815,1,0
815,2,0
815,3,0
815,4,0
816,0,0
816,1,0
816,2,0
816,3,0
816,4,0
817,0,0
817,1,0
817,2,1
817,3,0
817,4,0
818,0,0
818,1,0
818,2,1
818,3,0
818,4,0
819,0,0
819,1,0
819,2,0
819,3,0
819,4,1
820,0,0
820,1,1
820,2,0
820,3,0
820,4,1
821,0,0
821,1,0
821,2,1
821,3,0
821,4,0
822,0,0
822,1,0
822,2,0
822,3,0
822,4,1
823,0,0
823,1,0
823,2,0
823,3,0
823,4,0
824,0,0
824,1,0
824,2,0
824,3,0
824,4,0
825,0,0
825,1,0
825,2,1
825,3,1
825,4,1
826,0,0
826,1,0
826,2,0
826,3,1
826,4,0
827,0,0
827,1,1
827,2,0
827,3,1
827,4,1
828,0,0
828,1,0
828,2,0
828,3,0
828,4,0
829,0,0
829,1,1
829,2,0
829,3,0
829,4,0
830,0,0
830,1,0
830,2,1
830,3,0
830,4,0
831,0,0
831,1,0
831,2,0
831,3,0
831,4,0
832,0,0
832,1,0
832,2,0
832,3,0
832,4,0
833,0,0
833,1,0
833,2,0
833,3,0
833,4,0
834,0,0
834,1,1
834,2,0
834,3,0
834,4,0
835,0,0
835,1,0
835,2,0
835,3,1
835,4,0
836,0,0
836,1,0
836,2,0
836,3,0
836,4,0
837,0,0
837,1,0
837,2,0
837,3,0
837,4,0
838,0,0
838,1,0
838,2,0
838,3,0
838,4,0
839,0,0
839,1,0
839,2,1
839,3,0
839,4,0
840,0,0
840,1,0
840,2,1
840,3,0
840,4,0
841,0,0
841,1,0
841,2,1
841,3,1
841,4,0
842,0,0
842,1,0
842,2,0
842,3,0
842,4,0
843,0,0
843,1,0
843,2,0
843,3,0
843,4,0
844,0,0
844,1,0
844,2,0
844,3,0
844,4,0
845,0,0
845,1,0
845,2,0
845,3,0
845,4,0
846,0,0
846,1,0
846,2,1
846,3,0
846,4,0
847,0,0
847,1,0
847,2,1
847,3,0
847,4,0
848,0,0
848,1,0
848,2,0
848,3,0
848,4,0
849,0,0
849,1,0
849,2,1
849,3,0
849,4,0
850,0,0
850,1,0
850,2,0
850,3,0
850,4,0
851,0,0
851,1,0
851,2,0
851,3,0
851,4,0
852,0,0
852,1,0
852,2,1
852,3,0
852,4,1
853,0,0
853,1,0
853,2,1
853,3,0
853,4,0
854,0,0
854,1,0
854,2,0
854,3,0
854,4,0
855,0,0
855,1,0
855,2,1
855,3,0
855,4,0
856,0,0
856,1,0
856,2,0
856,3,0
856,4,0
857,0,0
857,1,0
857,2,0
857,3,0
857,4,0
858,0,0
858,1,0
858,2,0
858,3,0
858,4,0
859,0,0
859,1,0
859,2,0
859,3,0
859,4,0
860,0,0
860,1,0
860,2,0
860,3,0
860,4,0
861,0,0
861,1,1
861,2,0
861,3,0
861,4,1
862,0,0
862,1,0
862,2,0
862,3,0
862,4,1
863,0,0
863,1,0
863,2,0
863,3,0
863,4,0
864,0,0
864,1,1
864,2,0
864,3,0
864,4,0
865,0,0
865,1,0
865,2,1
865,3,0
865,4,0
866,0,0
866,1,0
866,2,0
866,3,0
866,4,0
867,0,0
867,1,0
867,2,0
867,3,0
867,4,0
868,0,0
868,1,0
868,2,1
868,3,0
868,4,0
869,0,0
869,1,0
869,2,0
869,3,0
869,4,0
870,0,0
870,1,1
870,2,0
870,3,0
870,4,0
871,0,0
871,1,0
871,2,0
871,3,0
871,4,1
872,0,0
872,1,0
872,2,0
872,3,0
872,4,0
873,0,0
873,1,0
873,2,0
873,3,0
873,4,0
874,0,0
874,1,0
874,2,1
874,3,0
874,4,0
875,0,0
875,1,0
875,2,0
875,3,0
875,4,0
876,0,0
876,1,0
876,2,0
876,3,0
876,4,0
877,0,0
877,1,0
877,2,0
877,3,0
877,4,0
878,0,0
878,1,0
878,2,0
878,3,0
878,4,0
879,0,0
879,1,1
879,2,0
879,3,0
879,4,0
880,0,0
880,1,0
880,2,1
880,3,0
880,4,0
881,0,0
881,1,0
881,2,0
881,3,0
881,4,0
882,0,0
882,1,0
882,2,0
882,3,0
882,4,0
883,0,0
883,1,0
883,2,0
883,3,0
883,4,0
884,0,0
884,1,0
884,2,0
884,3,0
884,4,0
885,0,0
885,1,0
885,2,0
885,3,0
885,4,0
886,0,0
886,1,0
886,2,0
886,3,1
886,4,0
887,0,0
887,1,0
887,2,1
887,3,1
887,4,1
888,0,0
888,1,1
888,2,0
888,3,0
888,4,0
889,0,0
889,1,0
889,2,0
889,3,0
889,4,1
890,0,0
890,1,0
890,2,0
890,3,0
890,4,0
891,0,0
891,1,0
891,2,0
891,3,0
891,4,0
892,0,0
892,1,0
892,2,0
892,3,0
892,4,0
893,0,0
893,1,0
893,2,0
893,3,0
893,4,0
894,0,0
894,1,0
894,2,0
894,3,1
894,4,0
895,0,0
895,1,0
895,2,0
895,3,0
895,4,0
896,0,0
896,1,1
896,2,0
896,3,0
896,4,0
897,0,0
897,1,0
897,2,0
897,3,0
897,4,1
898,0,0
898,1,0
898,2,0
898,3,0
898,4,0
899,0,0
899,1,0
899,2,1
899,3,0
899,4,0
900,0,0
900,1,0
900,2,0
900,3,0
900,4,0
901,0,0
901,1,0
901,2,0
901,3,0
901,4,1
902,0,0
902,1,0
902,2,0
902,3,0
902,4,0
903,0,0
903,1,0
903,2,0
903,3,0
903,4,0
904,0,0
904,1,0
904,2,0
904,3,0
904,4,1
905,0,0
905,1,0
905,2,0
905,3,0
905,4,0
906,0,0
906,1,0
906,2,0
906,3,0
906,4,0
907,0,0
907,1,1
907,2,0
907,3,0
907,4,0
908,0,0
908,1,0
908,2,1
908,3,0
908,4,0
909,0,0
909,1,0
909,2,0
909,3,0
909,4,1
910,0,0
910,1,0
910,2,0
910,3,0
910,4,0
911,0,0
911,1,0
911,2,0
911,3,0
911,4,0
912,0,0
912,1,0
912,2,0
912,3,0
912,4,0
913,0,0
913,1,0
913,2,0
913,3,0
913,4,0
914,0,0
914,1,0
914,2,1
914,3,1
914,4,1
915,0,0
915,1,0
915,2,0
915,3,1
915,4,0
916,0,0
916,1,0
916,2,0
916,3,0
916,4,0
917,0,0
917,1,0
917,2,0
917,3,0
917,4,0
918,0,0
918,1,0
918,2,0
918,3,1
918,4,0
919,0,0
919,1,0
919,2,1
919,3,0
919,4,0
920,0,0
920,1,0
920,2,0
920,3,0
920,4,0
921,0,0
921,1,0
921,2,1
921,3,0
921,4,0
922,0,0
922,1,0
922,2,0
922,3,0
922,4,0
923,0,0
923,1,0
923,2,0
923,3,0
923,4,1
924,0,0
924,1,0
924,2,0
924,3,0
924,4,0
925,0,0
925,1,0
925,2,0
925,3,0
925,4,0
926,0,0
926,1,1
926,2,0
926,3,0
926,4,0
927,0,0
927,1,0
927,2,0
927,3,0
927,4,0
928,0,0
928,1,1
928,2,0
928,3,0
928,4,0
929,0,0
929,1,0
929,2,0
929,3,0
929,4,0
930,0,0
930,1,0
930,2,0
930,3,0
930,4,0
931,0,0
931,1,0
931,2,0
931,3,0
931,4,0
932,0,0
932,1,0
932,2,0
932,3,0
932,4,0
933,0,0
933,1,0
933,2,0
933,3,0
933,4,0
934,0,0
934,1,0
934,2,1
934,3,1
934,4,0
935,0,0
935,1,0
935,2,0
935,3,0
935,4,0
936,0,0
936,1,1
936,2,0
936,3,1
936,4,0
937,0,0
937,1,0
937,2,0
937,3,0
937,4,0
938,0,0
938,1,0
938,2,0
938,3,1
938,4,0
939,0,0
939,1,0
939,2,0
939,3,0
939,4,0
940,0,0
940,1,1
940,2,0
940,3,0
940,4,0
941,0,0
941,1,0
941,2,0
941,3,0
941,4,0
942,0,0
942,1,0
942,2,0
942,3,1
942,4,0
943,0,0
943,1,0
943,2,0
943,3,1
943,4,0
944,0,0
944,1,0
944,2,1
944,3,0
944,4,0
945,0,0
945,1,1
945,2,0
945,3,0
945,4,0
946,0,0
946,1,0
946,2,0
946,3,0
946,4,0
947,0,0
947,1,0
947,2,0
947,3,0
947,4,0
948,0,0
948,1,0
948,2,0
948,3,0
948,4,1
949,0,0
949,1,0
949,2,0
949,3,1
949,4,0
950,0,0
950,1,0
950,2,0
950,3,0
950,4,0
951,0,0
951,1,0
951,2,0
951,3,0
951,4,0
952,0,0
952,1,0
952,2,0
952,3,0
952,4,0
953,0,0
953,1,1
953,2,0
953,3,0
953,4,0
954,0,0
954,1,1
954,2,1
954,3,0
954,4,0
955,0,0
955,1,0
955,2,0
955,3,0
955,4,0
956,0,0
956,1,0
956,2,0
956,3,0
956,4,0
957,0,0
957,1,0
957,2,0
957,3,0
957,4,0
958,0,0
958,1,0
958,2,1
958,3,0
958,4,0
959,0,0
959,1,0
959,2,0
959,3,0
959,4,0
960,0,0
960,1,0
960,2,0
960,3,1
960,4,0
961,0,0
961,1,1
961,2,0
961,3,0
961,4,1
962,0,0
962,1,0
962,2,0
962,3,0
962,4,1
963,0,0
963,1,1
963,2,0
963,3,0
963,4,0
964,0,0
964,1,0
964,2,0
964,3,0
964,4,0
965,0,0
965,1,1
965,2,0
965,3,0
965,4,0
966,0,0
966,1,0
966,2,0
966,3,0
966,4,1
967,0,0
967,1,0
967,2,0
967,3,1
967,4,0
968,0,0
968,1,0
968,2,0
968,3,0
968,4,0
969,0,0
969,1,0
969,2,0
969,3,0
969,4,0
970,0,0
970,1,0
970,2,0
970,3,1
970,4,0
971,0,0
971,1,1
971,2,0
971,3,0
971,4,1
972,0,0
972,1,0
972,2,0
972,3,0
972,4,0
973,0,0
973,1,0
973,2,0
973,3,0
973,4,0
974,0,0
974,1,0
974,2,0
974,3,0
974,4,0
975,0,0
975,1,1
975,2,0
975,3,0
975,4,0
976,0,0
976,1,0
976,2,0
976,3,1
976,4,1
977,0,0
977,1,0
977,2,0
977,3,0
977,4,0
978,0,0
978,1,0
978,2,0
978,3,0
978,4,0
979,0,0
979,1,0
979,2,0
979,3,0
979,4,0
980,0,0
980,1,0
980,2,1
980,3,0
980,4,0
981,0,0
981,1,0
981,2,1
981,3,0
981,4,1
982,0,0
982,1,0
982,2,0
982,3,0
982,4,0
983,0,0
983,1,0
983,2,0
983,3,0
983,4,0
984,0,0
984,1,0
984,2,1
984,3,0
984,4,0
985,0,0
985,1,0
985,2,1
985,3,0
985,4,0
986,0,0
986,1,0
986,2,0
986,3,0
986,4,0
987,0,0
987,1,1
987,2,1
987,3,1
987,4,0
988,0,0
988,1,0
988,2,0
988,3,0
988,4,1
989,0,0
989,1,0
989,2,0
989,3,0
989,4,0
990,0,0
990,1,0
990,2,0
990,3,0
990,4,0
991,0,0
991,1,0
991,2,0
991,3,0
991,4,0
992,0,0
992,1,0
992,2,0
992,3,1
992,4,0
993,0,0
993,1,1
993,2,0
993,3,0
993,4,0
994,0,0
994,1,0
994,2,0
994,3,0
994,4,0
995,0,0
995,1,0
995,2,0
995,3,0
995,4,0
996,0,0
996,1,1
996,2,0
996,3,0
996,4,0
997,0,0
997,1,0
997,2,0
997,3,0
997,4,0
998,0,0
998,1,0
998,2,0
998,3,0
998,4,0
999,0,0
999,1,0
999,2,0
999,3,1
999,4,1
