id,dateOfLoss,asOfDate
88ec3df8-18a9-44f1-ae59-2bf74b5e0ea6,2012-10-29T00:00:00.000Z,2025-07-01T00:00:00.000Z
f1e43e1b-fa73-49b4-a8ad-c1c6131cdbaf,2000-10-03T00:00:00.000Z,2025-07-01T00:00:00.000Z
6b6a8942-e814-41ff-a154-730fd8e5c6cf,2010-10-29T00:00:00.000Z,2025-07-01T00:00:00.000Z
05c7646e-6bd6-4fec-a540-4c4b1c25fb1a,2005-04-04T00:00:00.000Z,2025-07-01T00:00:00.000Z
2a5b1f9b-70cf-471d-a128-bdb74c571f1b,2017-08-25T00:00:00.000Z,2025-07-01T00:00:00.000Z
ce930e85-6df8-4ff5-aed1-ab051d1df6dd,1992-02-16T00:00:00.000Z,2025-07-01T00:00:00.000Z
330077a1-72a7-4f53-84ce-2d38b0ec8027,2012-10-30T00:00:00.000Z,2025-07-01T00:00:00.000Z
af84575c-8a3d-471e-9deb-ee407107232f,2012-10-29T00:00:00.000Z,2025-07-01T00:00:00.000Z
d1eb6e97-0e01-4435-a409-d4dfbb5bebbf,2021-09-01T00:00:00.000Z,2025-07-01T00:00:00.000Z
abc92188-2590-4e57-bf59-22f4ddf93d18,2022-07-26T00:00:00.000Z,2025-07-01T00:00:00.000Z
e422b991-27cb-4b20-b697-eab7ea869ee6,2012-10-29T00:00:00.000Z,2025-07-01T00:00:00.000Z
755d4948-aaff-4c0d-9e54-fba5ba7cb75b,1989-08-01T00:00:00.000Z,2025-07-01T00:00:00.000Z
2b3034b6-5ccc-4537-bdd4-7e34d97256ed,2009-05-01T00:00:00.000Z,2025-07-01T00:00:00.000Z
364b834e-b2de-463f-b3a6-ec101c7e38fb,2021-08-29T00:00:00.000Z,2025-07-01T00:00:00.000Z
c40afe05-9108-46ce-8d0e-2d57a9d18999,2012-10-29T00:00:00.000Z,2025-07-01T00:00:00.000Z
b18b7c61-4289-4143-95de-30ebc8ba47ac,2010-03-13T00:00:00.000Z,2025-07-01T00:00:00.000Z
7ce7871e-0967-45d4-827c-d937b79e2050,1983-08-18T00:00:00.000Z,2025-07-01T00:00:00.000Z
e08860c4-af70-49c1-8571-f7178897d9bb,1995-05-08T00:00:00.000Z,2025-07-01T00:00:00.000Z
cc07cc9a-e87f-4459-84b3-b3baa3ed3be9,1982-06-18T00:00:00.000Z,2025-07-01T00:00:00.000Z
d8e192bb-bc84-4569-9858-bdc7f5dc31e4,1996-09-05T00:00:00.000Z,2025-07-01T00:00:00.000Z
fe8fbe83-4788-490f-a060-de78d134a200,1992-08-24T00:00:00.000Z,2025-07-01T00:00:00.000Z
b1f83235-c06c-40b8-9c3c-0b404b8f8fd5,2016-01-23T00:00:00.000Z,2025-07-01T00:00:00.000Z
c3498d5b-4fad-4ac7-a802-f8cd5d8537b7,1992-08-25T00:00:00.000Z,2025-07-01T00:00:00.000Z
0a4bb26a-aac1-414c-afd2-937ae461b6b3,1997-04-18T00:00:00.000Z,2025-07-01T00:00:00.000Z
40176620-aeea-4e42-8bec-c6f34929d968,2018-10-11T00:00:00.000Z,2025-07-01T00:00:00.000Z
a6cdd503-dab1-473c-ba46-695920401621,1987-11-27T00:00:00.000Z,2025-07-01T00:00:00.000Z
74b0ccf9-cef3-4c1e-a327-66779ff56193,2021-08-29T00:00:00.000Z,2025-07-01T00:00:00.000Z
019022eb-35ce-4cd3-bf24-c79933bc4f40,2018-09-01T00:00:00.000Z,2025-07-01T00:00:00.000Z
4535475e-61d1-4449-b20e-d2a6375c9f21,2005-08-29T00:00:00.000Z,2025-07-01T00:00:00.000Z
942f1c82-4d21-487c-910f-8cb46c948120,2017-08-26T00:00:00.000Z,2025-07-01T00:00:00.000Z
33b8ac7e-91e9-4216-8ffd-729080476307,2023-01-10T00:00:00.000Z,2025-07-01T00:00:00.000Z
d16b22b5-eb5f-4ba1-8ed5-dc6fbbdbacba,1987-03-31T00:00:00.000Z,2025-07-01T00:00:00.000Z
76348825-1d3c-444b-9d2d-e7e5e955d15a,2011-08-29T00:00:00.000Z,2025-07-01T00:00:00.000Z
6ebe9e8c-05d7-42af-b945-6f4ddf81de9a,1993-10-18T00:00:00.000Z,2025-07-01T00:00:00.000Z
8f26b87a-65bd-4d2c-a052-f584cc0cb81d,2016-08-14T00:00:00.000Z,2025-07-01T00:00:00.000Z
74241f22-9c05-4d05-b449-7f0109744a93,2010-08-10T00:00:00.000Z,2025-07-01T00:00:00.000Z
b2911490-7e38-4336-bcd2-1a88c2d03343,2005-08-29T00:00:00.000Z,2025-07-01T00:00:00.000Z
f31c8cee-3a8d-4ffe-9f7d-362f8bf63d6f,1995-02-16T00:00:00.000Z,2025-07-01T00:00:00.000Z
75f08258-ca84-42aa-b4ed-74612e22c766,2016-08-13T00:00:00.000Z,2025-07-01T00:00:00.000Z
e56dac15-9f13-4fea-887a-cc946a2335c8,2012-08-27T00:00:00.000Z,2025-07-01T00:00:00.000Z
a930bcee-6259-4c17-b02d-aec846e6bb7f,2009-09-20T00:00:00.000Z,2025-07-01T00:00:00.000Z
e51e7540-dfff-43f8-90b4-22eec61ac6e5,1989-09-22T00:00:00.000Z,2025-07-01T00:00:00.000Z
368a3837-4902-414b-8447-7db033f06a0e,2024-09-26T00:00:00.000Z,2025-07-01T00:00:00.000Z
2ca83473-e2b2-4772-acbb-1ee4406d3b24,2020-07-01T00:00:00.000Z,2025-07-01T00:00:00.000Z
b3de44fe-3a99-4eaa-abce-016afd4dd1a5,1999-04-04T00:00:00.000Z,2025-07-01T00:00:00.000Z
1499ed21-2749-4fe5-bf26-cd43e9c2e82d,2011-08-29T00:00:00.000Z,2025-07-01T00:00:00.000Z
c9fc5b59-bcdc-4b38-ba5f-d5ec6018b5ba,1999-10-15T00:00:00.000Z,2025-07-01T00:00:00.000Z
631e6d34-85bf-43d6-b909-2e75fb0fd4bf,1997-08-15T00:00:00.000Z,2025-07-01T00:00:00.000Z
213aa23e-12e7-4b61-b6f6-35dd1301ca69,2024-09-26T00:00:00.000Z,2025-07-01T00:00:00.000Z
268596dd-96b6-4f32-bfe5-45af8f975b85,2002-09-26T00:00:00.000Z,2025-07-01T00:00:00.000Z
b7b2b58b-8476-4103-939a-0f17e184cac8,1995-05-10T00:00:00.000Z,2025-07-01T00:00:00.000Z
3c2e5edb-a4b3-4c0c-8193-f19294d1aa64,1998-09-11T00:00:00.000Z,2025-07-01T00:00:00.000Z
2326526f-b2dc-4b76-ad5e-038de12486d2,2018-01-04T00:00:00.000Z,2025-07-01T00:00:00.000Z
1d3f2e32-2def-411d-96d6-e90e06818a4b,1995-04-22T00:00:00.000Z,2025-07-01T00:00:00.000Z
1eb5643a-9258-4534-a04b-fa1300a26155,2024-09-26T00:00:00.000Z,2025-07-01T00:00:00.000Z
da8a9b1a-e998-48cf-b1f8-7c9c4b268c92,1983-09-19T00:00:00.000Z,2025-07-01T00:00:00.000Z
4e7c9994-582a-4bbb-b2a4-cf4fc3319f10,2010-01-20T00:00:00.000Z,2025-07-01T00:00:00.000Z
55109d5b-076c-439e-b440-5494814f0248,2016-10-08T00:00:00.000Z,2025-07-01T00:00:00.000Z
3f6d0012-72d9-4f96-baa1-98cc53016e10,1995-10-04T00:00:00.000Z,2025-07-01T00:00:00.000Z
883e8a4c-1cd2-4f0b-831f-7fe09401b203,1983-04-09T00:00:00.000Z,2025-07-01T00:00:00.000Z
b1a27090-be86-46e8-8d64-b41093db8595,2013-10-03T00:00:00.000Z,2025-07-01T00:00:00.000Z
08b5cb29-6929-4395-bc35-0c92688a52f6,1982-12-04T00:00:00.000Z,2025-07-01T00:00:00.000Z
7077f2ce-9a23-4900-91fc-57c10dffc71d,2005-08-29T00:00:00.000Z,2025-07-01T00:00:00.000Z
e89edeff-cdbf-4d94-9d78-24ed89af4545,1981-05-12T00:00:00.000Z,2025-07-01T00:00:00.000Z
6c32d1d5-0da4-49e4-b0af-0919e231c1b7,2020-09-16T00:00:00.000Z,2025-07-01T00:00:00.000Z
356e85ce-f784-4dbc-a566-53a8fcdc3a03,2005-08-28T00:00:00.000Z,2025-07-01T00:00:00.000Z
556d407a-8d0f-4d88-b553-417ee249a376,1993-07-13T00:00:00.000Z,2025-07-01T00:00:00.000Z
5378c600-f735-4dd8-9eb1-c7f6876abf66,1995-10-04T00:00:00.000Z,2025-07-01T00:00:00.000Z
09122062-a344-4e40-9132-9b935cfae5a1,1998-09-21T00:00:00.000Z,2025-07-01T00:00:00.000Z
118318fb-3892-4f21-be1a-35d9df216ace,2016-06-23T00:00:00.000Z,2025-07-01T00:00:00.000Z
c9af2d83-8f8e-4c6a-bf4f-d333041a3821,1989-05-17T00:00:00.000Z,2025-07-01T00:00:00.000Z
86c13da5-9093-43cd-89a2-6f54af817a36,2002-09-26T00:00:00.000Z,2025-07-01T00:00:00.000Z
1f87ea4e-a3f8-4093-9fac-c6ba49b3fe5c,2013-07-07T00:00:00.000Z,2025-07-01T00:00:00.000Z
00451243-7ce4-4817-a35f-bf15cd343038,2001-04-25T00:00:00.000Z,2025-07-01T00:00:00.000Z
c0c20a83-ce89-4c5b-a802-d77a0d4a5ff2,1980-01-17T00:00:00.000Z,2025-07-01T00:00:00.000Z
3f9fd614-882a-4727-95d5-58f4d34a00ed,1979-02-26T00:00:00.000Z,2025-07-01T00:00:00.000Z
6034925d-aacd-4f11-8ede-e694ad17be4f,1982-04-25T00:00:00.000Z,2025-07-01T00:00:00.000Z
3c2d7957-e5cc-49b3-8032-7be4ec9a5fff,1986-10-01T00:00:00.000Z,2025-07-01T00:00:00.000Z
1a043f3b-5404-49bb-88a3-fccef457c33b,2002-09-26T00:00:00.000Z,2025-07-01T00:00:00.000Z
9a01509b-a2c9-425b-8ecb-884366645684,2012-10-29T00:00:00.000Z,2025-07-01T00:00:00.000Z
c6815da0-d3ac-418d-8297-617d75c23ef8,2015-12-25T00:00:00.000Z,2025-07-01T00:00:00.000Z
551993b9-01f8-4635-b020-1cf28863b3d4,2009-05-08T00:00:00.000Z,2025-07-01T00:00:00.000Z
5e4a03e8-0c89-4901-99f8-c118147a8a0a,2014-04-30T00:00:00.000Z,2025-07-01T00:00:00.000Z
fbfb87d1-a0fb-4856-9732-dea5c9be33cf,2016-03-14T00:00:00.000Z,2025-07-01T00:00:00.000Z
3503a02b-d125-47f5-88e7-8e1214fc8cf8,1999-09-04T00:00:00.000Z,2025-07-01T00:00:00.000Z
fdbe6f9c-9b1d-4bd1-a34a-aca6525e878c,2005-08-25T00:00:00.000Z,2025-07-01T00:00:00.000Z
a195b6d0-661d-4883-9f30-2fb4fe203a0a,2001-06-08T00:00:00.000Z,2025-07-01T00:00:00.000Z
d714becf-6754-4047-82de-5e17fcf89550,2008-09-13T00:00:00.000Z,2025-07-01T00:00:00.000Z
20ab35cc-bbb9-49b0-bb1b-64b33a476d4a,2007-08-17T00:00:00.000Z,2025-07-01T00:00:00.000Z
ae6c7199-289a-4cd5-b8bc-a07b5d03fbcb,2000-10-03T00:00:00.000Z,2025-07-01T00:00:00.000Z
628ca7d3-7745-4200-acf6-b9a2ad96750c,2005-08-31T00:00:00.000Z,2025-07-01T00:00:00.000Z
d1e337a1-06a7-416a-b644-b42977b17fd4,1997-04-22T00:00:00.000Z,2025-07-01T00:00:00.000Z
701abfd2-0e58-4a65-9b73-28bcd097c5df,2012-10-29T00:00:00.000Z,2025-07-01T00:00:00.000Z
1c1c4e90-0b8a-4e51-b77f-e0c89cfc4614,1983-01-27T00:00:00.000Z,2025-07-01T00:00:00.000Z
b913a398-b702-42f9-96d8-0d9fe8050e8e,2005-10-11T00:00:00.000Z,2025-07-01T00:00:00.000Z
e3b06460-519c-4150-a70b-c91bfa5580c5,2009-09-21T00:00:00.000Z,2025-07-01T00:00:00.000Z
25e020b5-6246-4e9e-b663-f847f147a747,1994-03-02T00:00:00.000Z,2025-07-01T00:00:00.000Z
6d416a25-7c2c-4570-be08-a64e1ac8f20a,2019-03-15T00:00:00.000Z,2025-07-01T00:00:00.000Z
8b669cdb-f826-4637-8510-afef549ffb04,1989-07-13T00:00:00.000Z,2025-07-01T00:00:00.000Z
0b4428aa-9e23-475f-b07d-b48c8ab48aa9,1987-01-31T00:00:00.000Z,2025-07-01T00:00:00.000Z
0ba82843-d436-49e1-ab2e-57d42fe4aff3,2001-06-11T00:00:00.000Z,2025-07-01T00:00:00.000Z
4d8b68fb-6e3a-45db-876a-63fa55185f8f,1998-09-10T00:00:00.000Z,2025-07-01T00:00:00.000Z
2eff5919-7bfb-4dad-aa42-51b86bc08d0e,2022-09-28T00:00:00.000Z,2025-07-01T00:00:00.000Z
1eaaeb32-83f5-481b-9863-8eee92a6b179,2011-09-05T00:00:00.000Z,2025-07-01T00:00:00.000Z
2b5c72d4-fd96-4e1c-98e9-fcd2785822cb,1979-07-26T00:00:00.000Z,2025-07-01T00:00:00.000Z
76fc2b49-3100-416b-a448-11fc8382384e,1980-04-13T00:00:00.000Z,2025-07-01T00:00:00.000Z
545eb611-f2ba-43c4-a85a-1dad3a7de80a,2001-06-07T00:00:00.000Z,2025-07-01T00:00:00.000Z
be61f06c-7c57-47ec-be32-0ffe0f111fd2,2017-08-29T00:00:00.000Z,2025-07-01T00:00:00.000Z
e2ccc2aa-1d53-4248-8be6-59c0aa3a7245,1995-10-04T00:00:00.000Z,2025-07-01T00:00:00.000Z
2bc47379-914f-451d-9bb3-f82fd115047e,2024-09-26T00:00:00.000Z,2025-07-01T00:00:00.000Z
e9b9f164-726c-44ca-95a9-32f3e80c211e,2005-01-06T00:00:00.000Z,2025-07-01T00:00:00.000Z
3249af1d-4f02-4de7-b842-e890b3a51b4c,2005-08-29T00:00:00.000Z,2025-07-01T00:00:00.000Z
1c6d5214-57b6-4659-a754-1a1825e31f38,2005-10-24T00:00:00.000Z,2025-07-01T00:00:00.000Z
445839da-b03b-44ff-808b-4e23ebbb539d,2005-10-24T00:00:00.000Z,2025-07-01T00:00:00.000Z
ee6cfc59-8a04-41a9-9929-cd8975ebe175,2003-09-19T00:00:00.000Z,2025-07-01T00:00:00.000Z
6f027b73-bb9a-4e4d-9152-a2731eb9b04f,2001-06-09T00:00:00.000Z,2025-07-01T00:00:00.000Z
169ec4d0-326f-47a0-bb61-9872f22257c5,2008-09-12T00:00:00.000Z,2025-07-01T00:00:00.000Z
e69c4a29-4ce2-4f1f-a659-fb0d35b93ed9,2012-10-28T00:00:00.000Z,2025-07-01T00:00:00.000Z
c1613674-888f-4bb7-be0e-3bbe548f9f33,2013-04-18T00:00:00.000Z,2025-07-01T00:00:00.000Z
058debd7-9888-4797-bbe4-44089ec47aa0,1987-01-01T00:00:00.000Z,2025-07-01T00:00:00.000Z
41d1d7d5-d7f5-4c31-b6c8-41df1efea1dc,2017-08-27T00:00:00.000Z,2025-07-01T00:00:00.000Z
01989411-7354-46a9-833f-d1292b8f94fb,1999-09-16T00:00:00.000Z,2025-07-01T00:00:00.000Z
ed7dc871-b224-489a-9e28-c10cc5b4615c,2005-08-29T00:00:00.000Z,2025-07-01T00:00:00.000Z
76a91924-83d9-45bd-8abb-f2461ea378b5,1993-09-22T00:00:00.000Z,2025-07-01T00:00:00.000Z
d75bea5b-9677-42a6-8549-a6f1f29d9297,1997-01-22T00:00:00.000Z,2025-07-01T00:00:00.000Z
06fc536f-8d73-4474-833f-06571c454867,2013-09-12T00:00:00.000Z,2025-07-01T00:00:00.000Z
d2bc868a-b70a-4be3-ba08-002e4f651c28,2024-08-07T00:00:00.000Z,2025-07-01T00:00:00.000Z
a4c79dce-f9e2-423c-ac07-21159fe18469,2011-05-10T00:00:00.000Z,2025-07-01T00:00:00.000Z
56488b11-6700-476b-a09e-b2a075443dae,1995-01-09T00:00:00.000Z,2025-07-01T00:00:00.000Z
2ffcf79f-4f25-4948-9b86-3944c5232d3c,1988-09-08T00:00:00.000Z,2025-07-01T00:00:00.000Z
6ed269a0-ba60-46b9-9d30-f2d6c04a7e8a,1983-04-25T00:00:00.000Z,2025-07-01T00:00:00.000Z
ce3de869-0c5e-40d7-9d02-dd92b97d038a,1984-04-05T00:00:00.000Z,2025-07-01T00:00:00.000Z
14dc00d5-cb31-4d0e-9017-a20f176b1965,2001-06-10T00:00:00.000Z,2025-07-01T00:00:00.000Z
692a4529-0357-475f-8e20-af8b667cd9b1,2002-11-28T00:00:00.000Z,2025-07-01T00:00:00.000Z
46da65f6-e34e-4e9d-9dd3-5646c8580f41,1990-10-17T00:00:00.000Z,2025-07-01T00:00:00.000Z
3fddb1c9-271e-4f80-a17a-524a1fd47a8a,2005-08-29T00:00:00.000Z,2025-07-01T00:00:00.000Z
bdaef350-b299-4983-9dad-d27a5af67973,2005-08-29T00:00:00.000Z,2025-07-01T00:00:00.000Z
b8d948d3-cc6b-480f-aedd-e2d88f86035a,1980-10-26T00:00:00.000Z,2025-07-01T00:00:00.000Z
68f59f01-2b03-43ba-9a8e-d549274b3809,2024-09-11T00:00:00.000Z,2025-07-01T00:00:00.000Z
9eac0da1-89c8-40e6-acbc-b6c2ec01beb2,2014-10-03T00:00:00.000Z,2025-07-01T00:00:00.000Z
74072fc2-6d2d-456f-aef5-4a954f06fb16,1982-12-03T00:00:00.000Z,2025-07-01T00:00:00.000Z
df9422a4-b3b3-4a1a-bc09-cb7f42ec9775,2023-04-12T00:00:00.000Z,2025-07-01T00:00:00.000Z
376903ca-03ed-4558-82a7-8d8b91304f43,2003-02-17T00:00:00.000Z,2025-07-01T00:00:00.000Z
1bccdd5a-6d6e-4710-beb1-3c71f7633dd0,2005-08-29T00:00:00.000Z,2025-07-01T00:00:00.000Z
228f0443-2b26-477b-a406-5291af929b33,1989-06-28T00:00:00.000Z,2025-07-01T00:00:00.000Z
27867e3d-5d2f-41ca-9052-0fb179d47fc1,1990-01-26T00:00:00.000Z,2025-07-01T00:00:00.000Z
996b41e2-91f6-454a-8325-1ebf7d73adb8,2017-08-27T00:00:00.000Z,2025-07-01T00:00:00.000Z
f6565ab0-9a42-4d6a-82e9-9525e7d9b561,2021-08-29T00:00:00.000Z,2025-07-01T00:00:00.000Z
28a3a99d-6665-49d5-9931-4574e0ed80d0,2024-09-11T00:00:00.000Z,2025-07-01T00:00:00.000Z
660c81c9-1719-48e0-b194-a155b88366c0,2017-09-10T00:00:00.000Z,2025-07-01T00:00:00.000Z
0fe769dd-9fd6-41a9-a1a4-3ab55d781d07,2008-09-13T00:00:00.000Z,2025-07-01T00:00:00.000Z
1c54767c-970c-4fc3-8ed3-870f580cefa1,2007-12-03T00:00:00.000Z,2025-07-01T00:00:00.000Z
0b271cde-2063-40e7-aa52-2be851698e29,2019-09-11T00:00:00.000Z,2025-07-01T00:00:00.000Z
0850b723-502b-417b-84df-3fb6a303992e,1996-09-18T00:00:00.000Z,2025-07-01T00:00:00.000Z
c59574ed-3dc9-4a7c-a7ab-ed951bcca7e8,1992-12-11T00:00:00.000Z,2025-07-01T00:00:00.000Z
5f8466bb-7192-4fa1-bb58-cfd3bacd92f1,1997-03-25T00:00:00.000Z,2025-07-01T00:00:00.000Z
b83fc62a-a60a-497b-b050-2f9a5217db3c,2016-11-23T00:00:00.000Z,2025-07-01T00:00:00.000Z
c96938ef-6e39-4232-9f06-d99b61015a95,2007-08-19T00:00:00.000Z,2025-07-01T00:00:00.000Z
2335b769-31d2-4e14-9375-61b1ffddabd0,2017-08-30T00:00:00.000Z,2025-07-01T00:00:00.000Z
1d6f2373-b8ca-4550-8e65-388aeff1b70e,2001-06-09T00:00:00.000Z,2025-07-01T00:00:00.000Z
e6d92c31-9670-4843-87a7-65767fd602d1,1979-07-26T00:00:00.000Z,2025-07-01T00:00:00.000Z
34d648ee-b430-4685-8332-1ea9c390467a,1995-01-08T00:00:00.000Z,2025-07-01T00:00:00.000Z
d6d8d145-0dae-4874-b25f-781e0ece74b7,1998-09-11T00:00:00.000Z,2025-07-01T00:00:00.000Z
7c37f6ff-1d2c-4cf7-9084-f68ec5822afa,1995-10-04T00:00:00.000Z,2025-07-01T00:00:00.000Z
6907a14f-2cd7-4d1b-8034-a238c3a3b0a4,2024-08-05T00:00:00.000Z,2025-07-01T00:00:00.000Z
5519ee4a-2edb-4629-904e-19147ab467ff,1991-02-17T00:00:00.000Z,2025-07-01T00:00:00.000Z
3aa969b0-3a50-40bb-bc4c-58368fcfdae2,1996-09-06T00:00:00.000Z,2025-07-01T00:00:00.000Z
ba46e394-7afb-429f-b937-64e1e00f10e0,2001-09-14T00:00:00.000Z,2025-07-01T00:00:00.000Z
9f03e2db-a2de-4978-b1c9-be8899b7d5d5,1989-09-21T00:00:00.000Z,2025-07-01T00:00:00.000Z
bf5896d8-f262-41bd-a626-a82455feec52,1978-10-12T00:00:00.000Z,2025-07-01T00:00:00.000Z
937e31bc-af28-4a3e-aecc-f76064f7f2c7,1978-03-17T00:00:00.000Z,2025-07-01T00:00:00.000Z
23faddfe-1104-4ccb-98dd-ab1fa813bb55,2017-08-28T00:00:00.000Z,2025-07-01T00:00:00.000Z
c35cc338-9e94-4e50-ba54-41929b838738,1991-08-19T00:00:00.000Z,2025-07-01T00:00:00.000Z
9395b8d2-fa20-433f-b440-8f5a2af1583a,2005-08-29T00:00:00.000Z,2025-07-01T00:00:00.000Z
8288ef32-cf4a-4d9c-941b-9322d74c5358,2008-09-13T00:00:00.000Z,2025-07-01T00:00:00.000Z
9cbc7141-751a-4c9b-8eff-df5383976549,1998-09-11T00:00:00.000Z,2025-07-01T00:00:00.000Z
fccd2bae-445d-495d-9f8e-1600113a676e,1984-03-29T00:00:00.000Z,2025-07-01T00:00:00.000Z
6cec9c03-7e23-4532-855b-97301b80fcdb,1990-05-13T00:00:00.000Z,2025-07-01T00:00:00.000Z
2e1d8f7f-7b57-4d50-ae57-7b548af9333e,1987-09-08T00:00:00.000Z,2025-07-01T00:00:00.000Z
b1051116-58c6-4950-a16c-6bedff88ae8d,2005-08-29T00:00:00.000Z,2025-07-01T00:00:00.000Z
87db2e31-54f1-401e-9f05-5f58586944b1,1993-07-27T00:00:00.000Z,2025-07-01T00:00:00.000Z
96532757-de27-4593-a3ee-e4ce9fac1bdd,1996-10-20T00:00:00.000Z,2025-07-01T00:00:00.000Z
0c0bd4b5-b2df-4f7e-a979-e72800a5cb38,1981-05-22T00:00:00.000Z,2025-07-01T00:00:00.000Z
155cdf70-13fc-4081-aaa1-5a52fdbf74c9,1993-11-28T00:00:00.000Z,2025-07-01T00:00:00.000Z
993d3379-de1c-4b37-9aaf-ad5347865e51,1996-10-08T00:00:00.000Z,2025-07-01T00:00:00.000Z
ee98f38b-cd0f-49a6-8667-8a4fca2afad4,2004-09-16T00:00:00.000Z,2025-07-01T00:00:00.000Z
001bbe0c-b567-43c8-97c4-38df437cf4ca,2004-09-15T00:00:00.000Z,2025-07-01T00:00:00.000Z
4d4b202e-d5e5-43c5-9f1c-958f8dd3f4cf,2005-08-29T00:00:00.000Z,2025-07-01T00:00:00.000Z
806d28db-7928-43a4-a949-f75467508daa,2008-08-21T00:00:00.000Z,2025-07-01T00:00:00.000Z
0d633dac-6d45-4951-b9fe-96ec3b787d7c,2017-08-26T00:00:00.000Z,2025-07-01T00:00:00.000Z
2ec8ac57-ed89-4d68-abe0-5eb38ec6b6cc,2012-10-29T00:00:00.000Z,2025-07-01T00:00:00.000Z
a87aa7f7-8514-479b-a32f-c828123c6b0e,1992-12-11T00:00:00.000Z,2025-07-01T00:00:00.000Z
f813f27b-036c-4bd7-96c4-68d1210ca381,1984-04-05T00:00:00.000Z,2025-07-01T00:00:00.000Z
8bb7afeb-01d4-4a75-b5c1-1dc052be9803,1983-12-14T00:00:00.000Z,2025-07-01T00:00:00.000Z
75ec2be4-e828-4e46-8825-9d7ec02cf8cc,2016-10-08T00:00:00.000Z,2025-07-01T00:00:00.000Z
20f9832c-b6c9-4076-bf80-b05c7912a7d6,2005-08-29T00:00:00.000Z,2025-07-01T00:00:00.000Z
caf45413-f9c4-442c-b1a4-11f12851d43f,2004-09-17T00:00:00.000Z,2025-07-01T00:00:00.000Z
720ea8ea-d32c-4351-b211-53648ba04322,2025-04-06T00:00:00.000Z,2025-07-01T00:00:00.000Z
167add2d-3265-4392-9c4c-2619b34e6580,2002-04-07T00:00:00.000Z,2025-07-01T00:00:00.000Z
87fe141d-0156-4c1b-96e3-654c92df3ad5,2002-10-03T00:00:00.000Z,2025-07-01T00:00:00.000Z
bf6bd713-2e68-4f37-b995-8d49f9089e77,2017-08-25T00:00:00.000Z,2025-07-01T00:00:00.000Z
17806c27-8609-4408-b11b-02749ccf13be,2005-07-10T00:00:00.000Z,2025-07-01T00:00:00.000Z
766c7449-75f6-4539-b80f-831c78d48f88,1979-09-04T00:00:00.000Z,2025-07-01T00:00:00.000Z
05f75285-0cf9-4961-8e60-bdf16165bb73,1989-05-22T00:00:00.000Z,2025-07-01T00:00:00.000Z
d48267fa-c8ec-4a75-8cf0-bfc9d8afd5c7,2003-04-06T00:00:00.000Z,2025-07-01T00:00:00.000Z
c33af682-97cd-4540-ab0a-488411792e87,1992-01-04T00:00:00.000Z,2025-07-01T00:00:00.000Z
a1acd399-2ea1-48b5-b853-46062b58a624,2012-10-29T00:00:00.000Z,2025-07-01T00:00:00.000Z
8a9a3eab-e041-4e30-8d91-b959ae25d0e3,1979-01-24T00:00:00.000Z,2025-07-01T00:00:00.000Z
cd94e3c9-fd0f-4f0f-9941-1b2b9db0ebe4,2017-09-09T00:00:00.000Z,2025-07-01T00:00:00.000Z
a08c725b-2d5a-4ea1-97cd-560826ae8b94,1983-10-16T00:00:00.000Z,2025-07-01T00:00:00.000Z
aec61d79-6747-4f94-8482-eab5a6181820,2016-03-09T00:00:00.000Z,2025-07-01T00:00:00.000Z
2bcb37c8-a397-45e6-b679-281830853130,2008-09-13T00:00:00.000Z,2025-07-01T00:00:00.000Z
e250edfe-50ce-435d-b489-7b774f3e5032,1978-02-06T00:00:00.000Z,2025-07-01T00:00:00.000Z
7fc04b81-91c7-4c76-acdd-bcf833ec8c4e,1983-12-28T00:00:00.000Z,2025-07-01T00:00:00.000Z
489de8a5-0458-4975-b7de-a6a9d31137d3,2010-05-01T00:00:00.000Z,2025-07-01T00:00:00.000Z
d2c97736-cb4e-4d79-b8e4-13f82cad1cd8,1991-10-30T00:00:00.000Z,2025-07-01T00:00:00.000Z
cb433201-66dd-4154-a70a-b90571e50bc6,1983-04-06T00:00:00.000Z,2025-07-01T00:00:00.000Z
e4364d0b-099d-4cdd-b9d2-2c9fec774c8b,2006-06-28T00:00:00.000Z,2025-07-01T00:00:00.000Z
6df664ac-2616-4d71-acf5-5f578d7bad33,2022-09-28T00:00:00.000Z,2025-07-01T00:00:00.000Z
8e1d1238-e479-478c-bd1d-369ebd79ba96,1997-02-26T00:00:00.000Z,2025-07-01T00:00:00.000Z
556c42e7-65e9-4263-922a-d3c9bf16e355,1981-12-13T00:00:00.000Z,2025-07-01T00:00:00.000Z
5d167377-bb42-4901-8359-70bf31fd1cdd,2017-08-26T00:00:00.000Z,2025-07-01T00:00:00.000Z
0013fb6e-017e-4dc5-a676-3ca170d02b89,1983-09-10T00:00:00.000Z,2025-07-01T00:00:00.000Z
e1817563-a4b5-42d7-9baa-ae64b07e7b78,2017-01-10T00:00:00.000Z,2025-07-01T00:00:00.000Z
afd387fd-c0ee-4c3b-ab18-9519ba38f240,1995-07-03T00:00:00.000Z,2025-07-01T00:00:00.000Z
342cd8f0-3266-45ea-9c9e-07b8960a5dcb,2008-09-13T00:00:00.000Z,2025-07-01T00:00:00.000Z
4e85bf49-3345-4408-999e-d1efbcbdb88b,1998-01-06T00:00:00.000Z,2025-07-01T00:00:00.000Z
b4ac7e2e-81e4-483b-b614-12cd71055685,1979-01-25T00:00:00.000Z,2025-07-01T00:00:00.000Z
70592ea5-7f21-46a3-a961-f9feaf6a630d,2003-08-09T00:00:00.000Z,2025-07-01T00:00:00.000Z
420a5e7c-c311-4bf2-a2d2-72dc4645875c,1986-10-03T00:00:00.000Z,2025-07-01T00:00:00.000Z
3cb7ca35-a643-4fc2-8121-673a66ae45f0,2013-04-18T00:00:00.000Z,2025-07-01T00:00:00.000Z
6e18584a-acd9-483d-95a5-f73dcefda7dd,1980-03-09T00:00:00.000Z,2025-07-01T00:00:00.000Z
49960255-7d16-444c-8ce2-f01ee86b5b59,1995-06-09T00:00:00.000Z,2025-07-01T00:00:00.000Z
99a91b97-434d-4faa-9f21-293ce408a3e8,1987-04-16T00:00:00.000Z,2025-07-01T00:00:00.000Z
4cc8fb2a-893e-467d-9dbb-3fcb32446bc0,2004-09-16T00:00:00.000Z,2025-07-01T00:00:00.000Z
d82c8630-26fb-4e40-b71a-5ef03690dd06,1995-05-08T00:00:00.000Z,2025-07-01T00:00:00.000Z
5e82a941-f6bd-4b3c-b495-b09982f2f048,2011-08-28T00:00:00.000Z,2025-07-01T00:00:00.000Z
00dca962-258e-4a88-b2d2-18d853631728,2012-10-29T00:00:00.000Z,2025-07-01T00:00:00.000Z
a216c64d-cdda-4cde-91ee-781a129fd461,1979-07-11T00:00:00.000Z,2025-07-01T00:00:00.000Z
79c28448-4bf7-4c28-9b3c-559fde93f136,2022-09-28T00:00:00.000Z,2025-07-01T00:00:00.000Z
11d3f742-32be-4979-8c38-8b18fb71e3ca,2003-11-17T00:00:00.000Z,2025-07-01T00:00:00.000Z
2f6696e2-4371-4073-9a2f-6cd64c1779cc,2011-08-28T00:00:00.000Z,2025-07-01T00:00:00.000Z
0010d292-21e9-4fa5-8c03-d8f8779d4510,1999-09-16T00:00:00.000Z,2025-07-01T00:00:00.000Z
24dc804d-6943-47f4-915c-7aaadf454002,1995-05-08T00:00:00.000Z,2025-07-01T00:00:00.000Z
64b22c66-8dbe-4fe4-b1a4-9d457420685b,2005-08-29T00:00:00.000Z,2025-07-01T00:00:00.000Z
98442daf-6742-44b2-86be-1ae0f4611a7d,2022-09-28T00:00:00.000Z,2025-07-01T00:00:00.000Z
793c2bfa-5798-418a-94b9-6c0383342e67,1997-04-25T00:00:00.000Z,2025-07-01T00:00:00.000Z
65c8690d-d5aa-4b19-b643-c8230901d216,1984-03-29T00:00:00.000Z,2025-07-01T00:00:00.000Z
a2288899-26e4-4216-9ea7-f4b584cea4e8,2012-10-29T00:00:00.000Z,2025-07-01T00:00:00.000Z
84d33c92-8cad-4601-a44f-9d7cfbfa0eaa,2012-08-29T00:00:00.000Z,2025-07-01T00:00:00.000Z
ca2a910b-6b31-42b0-a8e2-3b2512514c54,2004-08-13T00:00:00.000Z,2025-07-01T00:00:00.000Z
1f71acc1-c9ed-4e6d-bd49-3492f3e9935d,2024-09-26T00:00:00.000Z,2025-07-01T00:00:00.000Z
e5aec7a5-9765-4ab2-b3c2-127d26e91bd7,2000-10-04T00:00:00.000Z,2025-07-01T00:00:00.000Z
36370586-d89d-44f2-a1ab-01333f25398e,2005-08-29T00:00:00.000Z,2025-07-01T00:00:00.000Z
3f7bd06e-9def-47e1-b0de-556df0951b3b,2014-04-30T00:00:00.000Z,2025-07-01T00:00:00.000Z
4d5fa2c0-27a1-4841-b124-c39ddddbe3dd,2005-08-29T00:00:00.000Z,2025-07-01T00:00:00.000Z
bf660da3-4c18-450c-b183-cf2b89ca5eb9,1982-01-04T00:00:00.000Z,2025-07-01T00:00:00.000Z
88192336-4844-45cc-bdfa-9b27db6e9e58,2011-04-09T00:00:00.000Z,2025-07-01T00:00:00.000Z
59514367-e30c-4cbb-8d12-15fbeda226fe,2024-09-27T00:00:00.000Z,2025-07-01T00:00:00.000Z
aebcebea-0a35-4bd3-a3da-14fd4354cb8f,1995-04-11T00:00:00.000Z,2025-07-01T00:00:00.000Z
8bbaf5c9-8b42-4684-84db-a723f3c68903,2012-10-29T00:00:00.000Z,2025-07-01T00:00:00.000Z
58317739-baba-45d4-a901-427505e42b7d,1979-01-25T00:00:00.000Z,2025-07-01T00:00:00.000Z
67d75d16-cf0b-4886-9d36-dcc89fb8cb3b,1992-12-11T00:00:00.000Z,2025-07-01T00:00:00.000Z
d998aacc-09b1-4b0a-a4e9-e94ee3ddd651,2012-04-23T00:00:00.000Z,2025-07-01T00:00:00.000Z
8e5c1843-3adb-4043-be4d-cbdfdeb4d111,1991-08-19T00:00:00.000Z,2025-07-01T00:00:00.000Z
01fe17aa-1775-46db-a69a-d0088e35f1a4,2012-10-29T00:00:00.000Z,2025-07-01T00:00:00.000Z
6dd91998-17ec-40e1-aa70-f5a1ffd3852f,2005-08-29T00:00:00.000Z,2025-07-01T00:00:00.000Z
f6157dcc-ad47-463d-87e7-0f750da4c83a,2005-08-29T00:00:00.000Z,2025-07-01T00:00:00.000Z
c4d50dc0-9096-40ce-a5a9-7009ff0c181e,1993-01-23T00:00:00.000Z,2025-07-01T00:00:00.000Z
35919a94-d89c-4939-b2bc-89aa1d66832e,2015-06-26T00:00:00.000Z,2025-07-01T00:00:00.000Z
05e4dc2b-04a1-4523-8d01-7a64d1d9dad4,1982-12-31T00:00:00.000Z,2025-07-01T00:00:00.000Z
05bba866-ebf2-4c07-97f1-ca3365fb69c3,1979-03-17T00:00:00.000Z,2025-07-01T00:00:00.000Z
eadeb223-b925-496b-b0c6-ec0155511221,2006-09-15T00:00:00.000Z,2025-07-01T00:00:00.000Z
3f232ea1-269b-4874-a79f-7262ba5f46b8,2005-08-29T00:00:00.000Z,2025-07-01T00:00:00.000Z
5b323026-2fc9-4aca-b8d9-dbc348658077,2022-09-28T00:00:00.000Z,2025-07-01T00:00:00.000Z
74d91c92-bcfc-4676-882b-5399a429ea14,2012-03-15T00:00:00.000Z,2025-07-01T00:00:00.000Z
6891c37a-c7bb-4483-b9f6-171bdac8cd05,2008-09-13T00:00:00.000Z,2025-07-01T00:00:00.000Z
127b15a9-10a3-44b3-a77b-f5744efe83fb,2008-09-14T00:00:00.000Z,2025-07-01T00:00:00.000Z
70e6d2a9-8d11-40b7-aa50-fe96a9cab743,2015-07-20T00:00:00.000Z,2025-07-01T00:00:00.000Z
8c990028-b04e-4f48-a072-7ea11572833a,2017-08-29T00:00:00.000Z,2025-07-01T00:00:00.000Z
cc835391-2164-41e3-b911-830012ba10c8,1993-01-26T00:00:00.000Z,2025-07-01T00:00:00.000Z
1d0d9f84-f99e-4896-8f4c-491ed0f5d252,2005-08-29T00:00:00.000Z,2025-07-01T00:00:00.000Z
0c383a37-0d57-41d6-a7ca-d5ad1ea66b18,2011-08-26T00:00:00.000Z,2025-07-01T00:00:00.000Z
3371b702-821f-46e1-a30b-d59fe2bd94b3,2011-08-28T00:00:00.000Z,2025-07-01T00:00:00.000Z
a48a104e-6573-47d5-af67-d132cdba1024,2012-10-29T00:00:00.000Z,2025-07-01T00:00:00.000Z
1cec2db9-bf4b-41df-97da-3e90b7f70aa0,1985-08-31T00:00:00.000Z,2025-07-01T00:00:00.000Z
988fb7a4-c3ba-47f3-b3f5-32ab782b2e66,2011-08-29T00:00:00.000Z,2025-07-01T00:00:00.000Z
b2e47f17-5fba-4fdf-99b5-c7d5d49be0a9,2012-08-29T00:00:00.000Z,2025-07-01T00:00:00.000Z
31804550-5b30-4d28-8808-b7083adab03c,2001-06-09T00:00:00.000Z,2025-07-01T00:00:00.000Z
b46722c5-5e4c-42ea-b104-73385d4728c8,2008-06-09T00:00:00.000Z,2025-07-01T00:00:00.000Z
f7b53155-a296-418e-95d2-72d6e6f193c4,1992-06-06T00:00:00.000Z,2025-07-01T00:00:00.000Z
183413d6-912c-4da3-b0a5-e17830c2582f,2012-10-29T00:00:00.000Z,2025-07-01T00:00:00.000Z
4f720a75-5191-449a-b5e9-8fc160c9fe4c,2005-12-14T00:00:00.000Z,2025-07-01T00:00:00.000Z
4c11b767-acac-40e3-ab26-5ddaa95dced8,2015-10-03T00:00:00.000Z,2025-07-01T00:00:00.000Z
345e17a4-eafe-4003-be1a-f959b2da1166,2018-05-18T00:00:00.000Z,2025-07-01T00:00:00.000Z
fe59906e-3448-438c-90cd-5e7ee75ff970,2006-06-27T00:00:00.000Z,2025-07-01T00:00:00.000Z
ced9bc41-ebea-4893-9e85-480d0ec69827,2010-05-03T00:00:00.000Z,2025-07-01T00:00:00.000Z
0241dba7-cddd-4535-905f-41322e1c91a1,2022-09-28T00:00:00.000Z,2025-07-01T00:00:00.000Z
4d3daf85-b5a4-435e-8228-01a8cec03dfa,2006-05-14T00:00:00.000Z,2025-07-01T00:00:00.000Z
c7d35ae2-c556-437b-be05-7342459a5c1c,2013-04-18T00:00:00.000Z,2025-07-01T00:00:00.000Z
f75a19ce-4bb5-4e13-aaf2-0ee143360f7d,2009-11-12T00:00:00.000Z,2025-07-01T00:00:00.000Z
c75fce41-42f9-49a7-9919-e62029541dc4,2000-09-07T00:00:00.000Z,2025-07-01T00:00:00.000Z
cbee9e42-4702-4a68-9cd4-69c63eaafe56,1991-10-30T00:00:00.000Z,2025-07-01T00:00:00.000Z
fcfce854-876f-422c-85ee-2730447dae8a,1995-10-04T00:00:00.000Z,2025-07-01T00:00:00.000Z
65991565-4a7a-4c45-a33c-3f2b7b46f663,1982-05-29T00:00:00.000Z,2025-07-01T00:00:00.000Z
4e8890b5-77c9-4e16-ad67-a58e04787e49,2003-09-18T00:00:00.000Z,2025-07-01T00:00:00.000Z
37142f63-03fa-4bc1-8026-d570d70b1b41,2019-10-17T00:00:00.000Z,2025-07-01T00:00:00.000Z
f4df9e9f-25ec-4dac-a420-49affd0578df,1995-05-08T00:00:00.000Z,2025-07-01T00:00:00.000Z
36a0f7ec-4788-4fda-9e2a-6b3906135395,1983-04-08T00:00:00.000Z,2025-07-01T00:00:00.000Z
0ebb3170-cfa3-4db4-b65f-7a8e269a7bc3,1999-09-17T00:00:00.000Z,2025-07-01T00:00:00.000Z
349d6611-2c09-47e1-93f5-4c68ce9fb374,1983-01-02T00:00:00.000Z,2025-07-01T00:00:00.000Z
6e8d7d7e-9e05-4114-9ec4-42cac469d6f1,1997-04-14T00:00:00.000Z,2025-07-01T00:00:00.000Z
cec2bdb0-ffe7-4711-a4c1-3105b2e2bbb0,2005-08-29T00:00:00.000Z,2025-07-01T00:00:00.000Z
fd57d29b-2155-4866-a415-85822919ad52,2024-09-26T00:00:00.000Z,2025-07-01T00:00:00.000Z
06397967-1cf0-424d-b0ef-d208ffb1d866,2005-08-29T00:00:00.000Z,2025-07-01T00:00:00.000Z
3a44c5b5-dd18-4773-bcdc-4debb33a7b7d,1995-10-04T00:00:00.000Z,2025-07-01T00:00:00.000Z
95332cea-4160-4989-a66c-3d141e021d1e,1998-10-19T00:00:00.000Z,2025-07-01T00:00:00.000Z
291f28fd-9756-495b-af62-60867c5b7e82,1983-04-06T00:00:00.000Z,2025-07-01T00:00:00.000Z
1c338184-d6fe-4f47-b867-2ab0d95e8f8d,1995-05-08T00:00:00.000Z,2025-07-01T00:00:00.000Z
773e4a3c-604a-4ca5-814a-25776dcf3473,2008-03-21T00:00:00.000Z,2025-07-01T00:00:00.000Z
3ff606a1-fa24-4fab-b17c-995c8e9ec204,2022-09-28T00:00:00.000Z,2025-07-01T00:00:00.000Z
35a4c66b-0b30-4574-9568-7b0a46660ef9,2000-09-05T00:00:00.000Z,2025-07-01T00:00:00.000Z
d78da768-1b1b-44d3-901c-da35e74ff445,2005-08-29T00:00:00.000Z,2025-07-01T00:00:00.000Z
f1fc0d27-53a5-4e12-8f81-8f1e22150035,2011-08-27T00:00:00.000Z,2025-07-01T00:00:00.000Z
d6bdaaea-72ec-400e-b38b-90b4bc8b639b,2012-10-28T00:00:00.000Z,2025-07-01T00:00:00.000Z
39d26d0d-f1f7-4cca-b6a7-0e1cb0958a22,2012-10-30T00:00:00.000Z,2025-07-01T00:00:00.000Z
f732ccf4-6d9c-48d3-9a76-e5644e9ade5e,2012-10-29T00:00:00.000Z,2025-07-01T00:00:00.000Z
abcfafb4-e193-4e92-a2e9-d93111ed452d,1979-04-12T00:00:00.000Z,2025-07-01T00:00:00.000Z
c3e0cbda-8cf8-40ca-a09b-2ba1c98c3828,1985-10-27T00:00:00.000Z,2025-07-01T00:00:00.000Z
df9ba86d-e23c-4343-a3c0-44a3c12dede9,1987-01-14T00:00:00.000Z,2025-07-01T00:00:00.000Z
bcbf1007-4722-4b86-8696-2cea1d48c7d9,2017-07-12T00:00:00.000Z,2025-07-01T00:00:00.000Z
ca73b2dc-04ca-46e8-a9c0-6be130cf4157,2005-08-29T00:00:00.000Z,2025-07-01T00:00:00.000Z
f54c102f-2c83-4f2a-9384-4814bbc742e9,2008-09-15T00:00:00.000Z,2025-07-01T00:00:00.000Z
4e7fea61-b756-409c-944a-90ae3c8d2af2,2012-10-29T00:00:00.000Z,2025-07-01T00:00:00.000Z
8eb26822-478b-44e5-ac96-5ebdfb51ad48,1991-04-28T00:00:00.000Z,2025-07-01T00:00:00.000Z
4801c68c-6805-4311-bd33-9f2e4307bb93,2017-08-28T00:00:00.000Z,2025-07-01T00:00:00.000Z
7d6df736-7403-40b1-94e5-cb504f7dcadd,1984-10-25T00:00:00.000Z,2025-07-01T00:00:00.000Z
6fdd7e88-8012-4ab2-a62e-b1acb6c28da4,2003-10-20T00:00:00.000Z,2025-07-01T00:00:00.000Z
b391c450-c146-4000-8857-ba8bf2760a63,1996-01-20T00:00:00.000Z,2025-07-01T00:00:00.000Z
e3aa3fc7-b1e2-47ed-8bc1-706010f1ede9,2010-03-13T00:00:00.000Z,2025-07-01T00:00:00.000Z
e24ae4c2-141e-4306-915b-ee80b189a1ac,1989-09-22T00:00:00.000Z,2025-07-01T00:00:00.000Z
7b3b3155-7579-439a-8fb6-34126a82afc1,1991-05-09T00:00:00.000Z,2025-07-01T00:00:00.000Z
82168690-0b05-4790-b1c5-dc7453957a41,2012-10-29T00:00:00.000Z,2025-07-01T00:00:00.000Z
01346d34-603e-4876-81c0-46b83c2dd458,1996-09-05T00:00:00.000Z,2025-07-01T00:00:00.000Z
4a64d391-65e5-4163-bace-b35dbfe47f66,2018-10-10T00:00:00.000Z,2025-07-01T00:00:00.000Z
de0419f5-9088-43f0-ad78-a95aa4eeb9e4,2011-08-27T00:00:00.000Z,2025-07-01T00:00:00.000Z
0526d62e-2a6b-4e67-91b6-59e03a9da88b,1999-10-15T00:00:00.000Z,2025-07-01T00:00:00.000Z
43375cbe-daf3-4ca9-84ed-f840ded3b742,1993-03-13T00:00:00.000Z,2025-07-01T00:00:00.000Z
0b42d50b-3bdb-4a81-a5f3-59805878c60f,1993-01-12T00:00:00.000Z,2025-07-01T00:00:00.000Z
7678bd12-b0c2-42c1-8fc5-1ad56cad5be8,2024-09-26T00:00:00.000Z,2025-07-01T00:00:00.000Z
89fc6be6-635d-43cb-8b58-79cfd0975b9b,2001-06-10T00:00:00.000Z,2025-07-01T00:00:00.000Z
8a9e0ee9-fb0f-468b-a5e2-050ef6df0699,2020-05-15T00:00:00.000Z,2025-07-01T00:00:00.000Z
f489703f-8523-44ea-aa2c-6dcba27d8d03,1999-09-15T00:00:00.000Z,2025-07-01T00:00:00.000Z
c37a10f1-34d6-4fff-a994-f7fc2114b1ca,2012-10-29T00:00:00.000Z,2025-07-01T00:00:00.000Z
21151282-af0c-46e8-9c2a-93adebbc17b3,1983-08-18T00:00:00.000Z,2025-07-01T00:00:00.000Z
895d488d-a27c-422d-b763-421c5784dcfb,1979-07-25T00:00:00.000Z,2025-07-01T00:00:00.000Z
74580e6e-6746-44ab-ae60-a83e6844c7a2,2012-06-24T00:00:00.000Z,2025-07-01T00:00:00.000Z
8aeb09d5-aeb6-400e-9e4d-d5d0ac1c9495,1984-12-22T00:00:00.000Z,2025-07-01T00:00:00.000Z
54053b90-c925-466b-bdfa-7744e53358d3,2012-10-30T00:00:00.000Z,2025-07-01T00:00:00.000Z
4430850d-2f4a-4619-87aa-e478da0da670,2021-09-01T00:00:00.000Z,2025-07-01T00:00:00.000Z
fa05ab01-2b6f-4331-ad70-a7ead744d6ae,2012-10-31T00:00:00.000Z,2025-07-01T00:00:00.000Z
8b11abbf-8e51-4745-b3be-9173134657c0,1992-12-11T00:00:00.000Z,2025-07-01T00:00:00.000Z
6489b9e2-e243-49f3-83b5-7a9341a161ce,2004-05-11T00:00:00.000Z,2025-07-01T00:00:00.000Z
2feb94eb-af32-4bfc-805e-ad5b1552ca70,2005-08-28T00:00:00.000Z,2025-07-01T00:00:00.000Z
a2fbdebd-9db4-4fc8-8931-04acd7d80c76,2017-08-29T00:00:00.000Z,2025-07-01T00:00:00.000Z
c92f8021-b6d2-4080-8195-c3f4232b4370,2017-08-28T00:00:00.000Z,2025-07-01T00:00:00.000Z
8f700749-d766-4cad-bd68-8c87386c5c0f,1978-02-06T00:00:00.000Z,2025-07-01T00:00:00.000Z
35a050ad-4beb-4b10-9bb4-206277397b4d,1991-08-19T00:00:00.000Z,2025-07-01T00:00:00.000Z
a239f1b1-8fa4-4fea-b7d3-b356cd415e31,2008-09-13T00:00:00.000Z,2025-07-01T00:00:00.000Z
c5746559-803b-4b04-86ce-edb4efe7689b,1988-04-02T00:00:00.000Z,2025-07-01T00:00:00.000Z
a32e17a6-c775-489b-8b1a-11e3d0cdcadd,2016-04-18T00:00:00.000Z,2025-07-01T00:00:00.000Z
deaff2a0-aefc-4201-8d70-f9fc976fb0a2,2018-04-13T00:00:00.000Z,2025-07-01T00:00:00.000Z
9563e884-ef31-474c-ab8f-5651cae7194f,1981-10-16T00:00:00.000Z,2025-07-01T00:00:00.000Z
59a1e5be-9e3e-459e-be04-b5b9b72527a5,2005-08-29T00:00:00.000Z,2025-07-01T00:00:00.000Z
6b31e57b-3836-4310-bb4c-5bf06529b322,2006-06-19T00:00:00.000Z,2025-07-01T00:00:00.000Z
1ef25aeb-00fc-4489-82e0-ba40e710a697,2004-10-12T00:00:00.000Z,2025-07-01T00:00:00.000Z
981138e6-7bdb-4da7-8df3-0781dc07049a,1982-03-17T00:00:00.000Z,2025-07-01T00:00:00.000Z
05320651-1140-4f1c-a3c8-da5ad3697094,2012-08-29T00:00:00.000Z,2025-07-01T00:00:00.000Z
aa6b668a-d62c-458f-b425-f66c0708e7f6,2008-09-12T00:00:00.000Z,2025-07-01T00:00:00.000Z
e8fc157d-9c99-4b72-bcde-7fa804fd4ea4,2024-09-26T00:00:00.000Z,2025-07-01T00:00:00.000Z
75cb43ee-c384-4a6d-a05f-7d783f5adde0,2017-08-29T00:00:00.000Z,2025-07-01T00:00:00.000Z
8235348b-0f4d-485d-9381-0e7c95e16a3c,1980-08-10T00:00:00.000Z,2025-07-01T00:00:00.000Z
fa670a81-cac8-4b3d-9869-f10e9f85b79d,2022-09-20T00:00:00.000Z,2025-07-01T00:00:00.000Z
064326db-bda6-46c1-85b0-76e5f9f4553c,2015-12-31T00:00:00.000Z,2025-07-01T00:00:00.000Z
75cd63b2-c284-4c4b-b423-98b969d500ba,2014-12-11T00:00:00.000Z,2025-07-01T00:00:00.000Z
8f565c52-637d-43c3-adc7-d8d7adc55c7b,1989-09-21T00:00:00.000Z,2025-07-01T00:00:00.000Z
4281e5b5-b57e-4f42-b3e5-f4386817aba3,1992-12-10T00:00:00.000Z,2025-07-01T00:00:00.000Z
e6052cf9-c02e-4f38-9196-012b5842e0f3,2004-09-16T00:00:00.000Z,2025-07-01T00:00:00.000Z
3cf867ff-2f3e-4bfc-b0ac-64e0b3d24dba,2008-09-13T00:00:00.000Z,2025-07-01T00:00:00.000Z
56627a85-177a-48b0-a600-e7cff2ba4f54,2012-10-30T00:00:00.000Z,2025-07-01T00:00:00.000Z
c203f8dc-acab-41f6-b608-40819797912d,2012-10-29T00:00:00.000Z,2025-07-01T00:00:00.000Z
6d79af28-91f1-423b-a8ab-efaf6f106922,2005-07-10T00:00:00.000Z,2025-07-01T00:00:00.000Z
300a3f1a-2805-4551-ad9d-fb19244b7992,1980-02-16T00:00:00.000Z,2025-07-01T00:00:00.000Z
51ac48b7-3f3e-4b25-a06d-403e01be4249,2017-08-29T00:00:00.000Z,2025-07-01T00:00:00.000Z
ef901908-f9e3-4003-913d-0a429d2dee4b,2001-06-11T00:00:00.000Z,2025-07-01T00:00:00.000Z
3d276733-c6f7-4864-96e6-79f4fa5355cd,2012-05-28T00:00:00.000Z,2025-07-01T00:00:00.000Z
cccfeee6-3f17-42ab-80fc-916355a2145e,2005-08-29T00:00:00.000Z,2025-07-01T00:00:00.000Z
7c40f477-cafa-49e5-ab8e-0d3ded522d4c,2005-08-29T00:00:00.000Z,2025-07-01T00:00:00.000Z
3d9329c5-d4ec-4938-8a14-8571a9930bac,2011-06-06T00:00:00.000Z,2025-07-01T00:00:00.000Z
d7386130-f7dc-4486-af9d-289da71a41ab,1999-09-16T00:00:00.000Z,2025-07-01T00:00:00.000Z
af874ff8-eab5-44e6-ba97-fe1358f425a8,2008-09-01T00:00:00.000Z,2025-07-01T00:00:00.000Z
3054df33-3bbd-4a4a-9e35-cce4cb324ead,2005-08-30T00:00:00.000Z,2025-07-01T00:00:00.000Z
4e2324db-09cc-460c-96aa-896f0120cca8,2020-09-16T00:00:00.000Z,2025-07-01T00:00:00.000Z
50a1823e-64da-4f09-8676-490421774658,1979-08-20T00:00:00.000Z,2025-07-01T00:00:00.000Z
aaa30434-e237-4e31-8455-f02a26d0911d,2004-05-28T00:00:00.000Z,2025-07-01T00:00:00.000Z
8ba2a498-7beb-4092-b7a2-b99eb1b74844,1984-05-07T00:00:00.000Z,2025-07-01T00:00:00.000Z
a3b107ad-aec2-43d8-8e34-94c5c07298e4,2017-05-06T00:00:00.000Z,2025-07-01T00:00:00.000Z
cb709fef-158a-4d8e-ac23-88646cba694d,1995-05-08T00:00:00.000Z,2025-07-01T00:00:00.000Z
ab951b2d-ba85-4914-886a-f3dfc4a8837b,1978-01-26T00:00:00.000Z,2025-07-01T00:00:00.000Z
1b30861e-e8b8-4597-aabe-5f9e5c30f736,2005-08-29T00:00:00.000Z,2025-07-01T00:00:00.000Z
054ee133-4e6b-4a8c-9306-3e07926474bf,2011-08-27T00:00:00.000Z,2025-07-01T00:00:00.000Z
8a3951ec-853a-4b46-8437-98dc718de105,1996-10-07T00:00:00.000Z,2025-07-01T00:00:00.000Z
4fa4507c-4118-40c0-9897-a1b31c206826,2012-10-29T00:00:00.000Z,2025-07-01T00:00:00.000Z
e5bcc64d-6485-4355-8d37-1130aa68c760,2007-04-16T00:00:00.000Z,2025-07-01T00:00:00.000Z
106abdab-b308-4b37-868a-3a7268e15fca,2019-09-19T00:00:00.000Z,2025-07-01T00:00:00.000Z
2ff79de3-82bd-42e7-9533-2c31526f82db,1981-06-13T00:00:00.000Z,2025-07-01T00:00:00.000Z
a23479af-8383-4ebd-89c8-08073c84e11f,2014-08-13T00:00:00.000Z,2025-07-01T00:00:00.000Z
b8a4886a-8765-4fd0-a2ce-b63a0142da24,2009-11-12T00:00:00.000Z,2025-07-01T00:00:00.000Z
3863e99b-701a-4685-938b-8f2f7070ea76,2022-12-23T00:00:00.000Z,2025-07-01T00:00:00.000Z
6cc8aaf0-1cc6-48ca-b894-ade7517e4ae1,2005-08-29T00:00:00.000Z,2025-07-01T00:00:00.000Z
d5488dee-5130-4ff1-9609-49904eecf79a,1987-07-08T00:00:00.000Z,2025-07-01T00:00:00.000Z
9bc3cb7a-6235-4710-86d7-df7ce440ccf8,2011-05-11T00:00:00.000Z,2025-07-01T00:00:00.000Z
a517c96c-03f8-457f-b40c-8b08260202af,2017-10-30T00:00:00.000Z,2025-07-01T00:00:00.000Z
1d09b4cc-9093-4582-ab21-88c308f654e9,1994-03-10T00:00:00.000Z,2025-07-01T00:00:00.000Z
490bd75c-8e74-4c35-8fe7-243bb654c904,2001-06-08T00:00:00.000Z,2025-07-01T00:00:00.000Z
742ccc1e-06c0-46ab-8eda-c6c8604bc43e,2004-08-11T00:00:00.000Z,2025-07-01T00:00:00.000Z
4093474a-d5a3-4f10-b950-a9bfa845f114,2017-08-29T00:00:00.000Z,2025-07-01T00:00:00.000Z
4c09c888-9686-425c-ace9-a0a004ef82d2,2012-10-29T00:00:00.000Z,2025-07-01T00:00:00.000Z
9bad0128-8e13-4596-a8cf-7be614b3e417,2018-10-11T00:00:00.000Z,2025-07-01T00:00:00.000Z
a6272d6a-954e-4474-8748-d92b59a6cc7d,2017-08-25T00:00:00.000Z,2025-07-01T00:00:00.000Z
0797083e-96c5-4542-95ee-e94ebc7dc766,2010-05-01T00:00:00.000Z,2025-07-01T00:00:00.000Z
fb40d41d-58df-4b8b-abbd-9d9bcc9de8e5,2005-08-29T00:00:00.000Z,2025-07-01T00:00:00.000Z
278d3b7c-14c9-4613-ac61-4189e2022072,1991-05-09T00:00:00.000Z,2025-07-01T00:00:00.000Z
db2b4cfe-0c15-4e61-bb1e-16b0c074bda6,2005-08-29T00:00:00.000Z,2025-07-01T00:00:00.000Z
42b1618c-7bc9-4080-b1e1-6b4b56ba41e8,1982-04-25T00:00:00.000Z,2025-07-01T00:00:00.000Z
1b2146b1-178f-442a-b9f3-41dfda669126,2003-07-15T00:00:00.000Z,2025-07-01T00:00:00.000Z
d8cd67b2-9011-499b-a9a2-3e30ddea63cb,2015-12-08T00:00:00.000Z,2025-07-01T00:00:00.000Z
8ebff848-004a-4211-9920-9e33e95787b3,1984-03-29T00:00:00.000Z,2025-07-01T00:00:00.000Z
d566edd7-dcde-4f1f-b72e-98e96e48684c,2018-09-14T00:00:00.000Z,2025-07-01T00:00:00.000Z
3f4f4957-17b0-4e0b-a86c-5cb2f8a13d1f,2016-08-18T00:00:00.000Z,2025-07-01T00:00:00.000Z
da76013b-0199-4f1a-85d2-ecf096c5ca0f,2012-10-29T00:00:00.000Z,2025-07-01T00:00:00.000Z
0d6724f9-a2d2-4aac-b11e-6baf92caf088,2024-06-12T00:00:00.000Z,2025-07-01T00:00:00.000Z
bc401de1-3191-4071-b9d0-a8058c00145f,2004-09-06T00:00:00.000Z,2025-07-01T00:00:00.000Z
e9521497-63ed-4f72-82b2-3044bec9e4ea,2001-09-20T00:00:00.000Z,2025-07-01T00:00:00.000Z
3924a240-38c4-458e-bf95-fc8ce1a75ced,1989-09-21T00:00:00.000Z,2025-07-01T00:00:00.000Z
bcb96a8f-0e3d-463b-a668-e9acf0d6144d,1979-04-06T00:00:00.000Z,2025-07-01T00:00:00.000Z
e88ebc32-7071-42b7-993f-367a97616893,1999-09-16T00:00:00.000Z,2025-07-01T00:00:00.000Z
dffa4c44-1ae7-4d71-88b5-114720445a80,2015-07-31T00:00:00.000Z,2025-07-01T00:00:00.000Z
6cae37bb-64f3-4003-a408-7b09b5f727e0,2002-09-25T00:00:00.000Z,2025-07-01T00:00:00.000Z
86385bc4-da89-4b65-b6a4-ce9f53830dc3,2001-06-08T00:00:00.000Z,2025-07-01T00:00:00.000Z
2042f5a0-e989-44a2-a19c-6656c98730b0,2001-06-09T00:00:00.000Z,2025-07-01T00:00:00.000Z
53443e21-5fee-437f-b276-004c31327ff0,2017-08-27T00:00:00.000Z,2025-07-01T00:00:00.000Z
6983c56f-441c-44fd-ac01-84154e886760,2011-08-29T00:00:00.000Z,2025-07-01T00:00:00.000Z
3d7bed93-9757-4a01-97be-41446a4bf461,2012-08-28T00:00:00.000Z,2025-07-01T00:00:00.000Z
502d8ea8-aefc-4dc7-8557-f20cebabb954,2020-10-09T00:00:00.000Z,2025-07-01T00:00:00.000Z
1ac606ef-9809-4fef-833d-297f4d91f682,2017-08-31T00:00:00.000Z,2025-07-01T00:00:00.000Z
21ad20be-9729-4186-8f5a-be7e5d6e1ad3,2012-10-29T00:00:00.000Z,2025-07-01T00:00:00.000Z
f15768ba-ef0a-4ad4-a93d-62ebd22376a0,1982-12-27T00:00:00.000Z,2025-07-01T00:00:00.000Z
8fd051f2-fcc8-452c-9c65-3fb7e2a73813,2010-12-21T00:00:00.000Z,2025-07-01T00:00:00.000Z
a9f3f363-42c5-4ab9-b5a0-8939028d3102,2017-08-27T00:00:00.000Z,2025-07-01T00:00:00.000Z
e4e5f769-932a-4965-8571-e6c3ac7d5db4,1993-07-26T00:00:00.000Z,2025-07-01T00:00:00.000Z
bd811c03-5496-4709-b8ae-bcc4aef1239c,1983-08-18T00:00:00.000Z,2025-07-01T00:00:00.000Z
a5022843-abcb-46fe-aa41-eea761ddff6b,1993-03-13T00:00:00.000Z,2025-07-01T00:00:00.000Z
2885abdd-0fb1-4e10-8b8c-9b089241c994,1999-10-15T00:00:00.000Z,2025-07-01T00:00:00.000Z
f6f32fad-549b-4033-b3d8-3f57f9fe1f97,1983-08-18T00:00:00.000Z,2025-07-01T00:00:00.000Z
6e5b9d87-8244-4d3d-8f6d-c3a0b6c3d4f1,1993-07-16T00:00:00.000Z,2025-07-01T00:00:00.000Z
886c0dcf-ad44-4143-b93d-318da8c812c3,1995-10-04T00:00:00.000Z,2025-07-01T00:00:00.000Z
6d16078b-d3fa-40fd-96dd-34174aacc1e2,2004-09-16T00:00:00.000Z,2025-07-01T00:00:00.000Z
d1e44c15-fe1a-4186-a82a-60acd997b6dd,1982-07-18T00:00:00.000Z,2025-07-01T00:00:00.000Z
3f74b431-921b-4653-8ade-8dc688283916,1999-10-15T00:00:00.000Z,2025-07-01T00:00:00.000Z
c78c8a02-f0ab-40cb-8272-b400ed16454d,2009-07-06T00:00:00.000Z,2025-07-01T00:00:00.000Z
6251b402-039e-4e99-ab39-cf738fcf6c9e,1993-03-13T00:00:00.000Z,2025-07-01T00:00:00.000Z
c721e0dd-9836-49e6-99db-51084a538310,1982-12-03T00:00:00.000Z,2025-07-01T00:00:00.000Z
550d442f-bf31-4783-b584-6b7201972b65,2005-08-29T00:00:00.000Z,2025-07-01T00:00:00.000Z
5e05bac2-15ab-4815-9e1d-e955958a090c,1993-03-13T00:00:00.000Z,2025-07-01T00:00:00.000Z
ef8c77fc-8212-4e33-9ebd-5deb4a8286a2,2005-09-24T00:00:00.000Z,2025-07-01T00:00:00.000Z
8c3af9dd-a0fe-46ab-aada-2e924c7d7b8c,2024-09-27T00:00:00.000Z,2025-07-01T00:00:00.000Z
c9fcdb7a-2e26-4368-a1dd-96eb85510a8f,2010-07-22T00:00:00.000Z,2025-07-01T00:00:00.000Z
fd854232-7966-4044-a89b-bf8e0bb9732f,1985-07-24T00:00:00.000Z,2025-07-01T00:00:00.000Z
b9b2aa37-6266-4e51-85a2-faa283089104,2012-10-29T00:00:00.000Z,2025-07-01T00:00:00.000Z
c1df2916-2672-4bf4-8a49-db43e05b2838,2014-04-29T00:00:00.000Z,2025-07-01T00:00:00.000Z
15c45f14-cf02-4986-9d5f-dc5abe71f01d,2018-09-14T00:00:00.000Z,2025-07-01T00:00:00.000Z
b3686789-c26e-46d0-a97f-aae9de540f21,1992-12-11T00:00:00.000Z,2025-07-01T00:00:00.000Z
0f323c38-af6e-4416-87c5-b5167b52cc44,2016-08-13T00:00:00.000Z,2025-07-01T00:00:00.000Z
f2359f0a-a10f-46ea-8a93-30b4de556105,2024-09-26T00:00:00.000Z,2025-07-01T00:00:00.000Z
0f76207c-2587-49e5-9423-bdbb72e38472,2011-02-28T00:00:00.000Z,2025-07-01T00:00:00.000Z
38cecfc9-92ec-48dc-9fe1-7b911d090711,2001-06-09T00:00:00.000Z,2025-07-01T00:00:00.000Z
9cd8d814-cbac-40fb-a505-97a5192f37ed,2005-08-29T00:00:00.000Z,2025-07-01T00:00:00.000Z
9733d2d1-9eee-4e59-a6f0-26a48d881fab,2023-08-30T00:00:00.000Z,2025-07-01T00:00:00.000Z
ea41d14c-9cbf-49b7-90d7-289bba8f30f4,2017-06-24T00:00:00.000Z,2025-07-01T00:00:00.000Z
ad97828b-6c2e-4bbe-a460-69d4ba22e833,1998-09-28T00:00:00.000Z,2025-07-01T00:00:00.000Z
152de98d-8bc5-4ba0-bdeb-64fa4a9c3397,2012-08-29T00:00:00.000Z,2025-07-01T00:00:00.000Z
d3916a94-99e1-469c-af87-852b8e56bf5e,2012-10-29T00:00:00.000Z,2025-07-01T00:00:00.000Z
bffef401-6f97-430b-b041-d2de9f01b56a,1985-08-31T00:00:00.000Z,2025-07-01T00:00:00.000Z
fc864f42-be0c-4768-ad21-0e57d52804e8,1987-06-13T00:00:00.000Z,2025-07-01T00:00:00.000Z
8e327314-0bf7-421f-bf3e-19efc9e040f7,1983-08-18T00:00:00.000Z,2025-07-01T00:00:00.000Z
fa800d11-a5db-46ea-aecf-e5a1f7693674,1983-07-02T00:00:00.000Z,2025-07-01T00:00:00.000Z
ce776ea4-4c1c-4060-86a6-0d86b9f06392,2012-10-29T00:00:00.000Z,2025-07-01T00:00:00.000Z
361c7479-eb7f-4bb1-93d7-ff43f5972449,1996-10-05T00:00:00.000Z,2025-07-01T00:00:00.000Z
4208be96-8635-4454-81f4-a74ce95b841c,2017-08-25T00:00:00.000Z,2025-07-01T00:00:00.000Z
